player_name,team,gp,ppg,rpg,apg,spg,bpg,fg_pct,fg3_pct,ts_pct,fga,fgm,fg3a,fg3m,rim_a,rim_m,short_a,short_m,mid_a,mid_m,long2_a,long2_m,c3n_a,c3n_m,c3m_a,c3m_m,c3d_a,c3d_m
Joel Embiid,PHI,58,33.4,10.0,4.1,1.9,1.4,0.549,0.318,0.655,1174,645.0,179.0,57.0,386.0,288.0,143.0,61.0,272.0,147.0,194.0,92.0,48.0,18.0,55.0,20.0,76.0,19.0
Luka Doncic,DAL,57,32.5,8.8,7.9,2.6,0.7,0.493,0.334,0.606,1265,624.0,470.0,157.0,290.0,206.0,232.0,135.0,194.0,100.0,79.0,26.0,122.0,44.0,160.0,47.0,188.0,66.0
Damian Lillard,POR,55,32.3,4.8,7.2,2.3,0.8,0.462,0.371,0.643,1146,529.0,630.0,234.0,318.0,200.0,74.0,33.0,54.0,27.0,70.0,35.0,104.0,40.0,168.0,70.0,358.0,124.0
Shai Gilgeous-Alexander,OKC,64,31.4,4.7,5.5,1.8,1.4,0.513,0.342,0.627,1300,667.0,158.0,54.0,502.0,315.0,209.0,87.0,317.0,168.0,114.0,43.0,40.0,18.0,72.0,25.0,46.0,11.0
Giannis Antetokounmpo,MIL,59,31.0,11.9,5.7,1.4,1.3,0.549,0.264,0.6,1204,661.0,159.0,42.0,705.0,511.0,126.0,33.0,94.0,30.0,120.0,45.0,27.0,8.0,65.0,20.0,67.0,14.0
Jayson Tatum,BOS,68,29.7,8.7,4.6,1.6,0.8,0.47,0.349,0.609,1408,662.0,616.0,215.0,446.0,305.0,168.0,73.0,86.0,33.0,92.0,36.0,189.0,78.0,232.0,75.0,195.0,62.0
Stephen Curry,GSW,46,29.5,6.0,6.2,1.9,0.7,0.497,0.424,0.657,936,465.0,524.0,222.0,155.0,115.0,125.0,63.0,57.0,33.0,75.0,32.0,102.0,50.0,153.0,67.0,269.0,105.0
Kevin Durant,BKN,44,29.1,6.7,4.8,2.3,0.5,0.561,0.421,0.68,801,449.0,214.0,90.0,104.0,82.0,91.0,56.0,238.0,135.0,154.0,86.0,76.0,34.0,79.0,32.0,59.0,24.0
Donovan Mitchell,CLE,59,28.9,4.1,4.4,1.9,0.8,0.483,0.385,0.613,1247,602.0,561.0,216.0,316.0,213.0,137.0,69.0,98.0,50.0,135.0,54.0,149.0,51.0,220.0,91.0,192.0,74.0
LeBron James,LAL,48,28.8,8.4,7.0,2.1,0.9,0.503,0.321,0.585,1060,533.0,327.0,105.0,428.0,308.0,98.0,41.0,89.0,29.0,118.0,50.0,89.0,35.0,108.0,32.0,130.0,38.0
Devin Booker,PHX,47,27.6,4.5,5.7,1.7,0.7,0.489,0.347,0.596,951,465.0,291.0,101.0,187.0,120.0,121.0,59.0,202.0,113.0,150.0,72.0,88.0,35.0,128.0,43.0,75.0,23.0
Kyrie Irving,BKN,56,27.2,5.0,5.7,1.2,0.9,0.491,0.372,0.61,1133,556.0,465.0,173.0,231.0,154.0,138.0,70.0,182.0,102.0,117.0,57.0,158.0,68.0,183.0,62.0,124.0,43.0
Trae Young,ATL,64,27.1,2.9,10.3,3.1,1.1,0.437,0.34,0.58,1243,543.0,409.0,139.0,267.0,146.0,208.0,82.0,200.0,106.0,159.0,70.0,85.0,32.0,120.0,40.0,204.0,67.0
Anthony Davis,LAL,49,26.5,13.0,2.7,0.9,1.0,0.562,0.239,0.622,870,489.0,67.0,16.0,400.0,293.0,169.0,83.0,122.0,56.0,112.0,41.0,17.0,4.0,27.0,5.0,23.0,7.0
Ja Morant,MEM,51,26.4,6.1,8.1,2.0,1.4,0.478,0.316,0.567,1008,482.0,253.0,80.0,379.0,233.0,172.0,69.0,172.0,83.0,32.0,17.0,72.0,31.0,111.0,33.0,70.0,16.0
Zion Williamson,NOP,25,26.2,7.0,4.4,1.9,1.6,0.604,0.267,0.649,412,249.0,15.0,4.0,316.0,219.0,63.0,21.0,14.0,5.0,4.0,0.0,6.0,1.0,5.0,2.0,4.0,1.0
Jaylen Brown,BOS,62,26.2,6.9,3.5,1.5,1.2,0.484,0.335,0.574,1275,617.0,454.0,152.0,415.0,288.0,146.0,57.0,124.0,62.0,136.0,58.0,126.0,40.0,162.0,46.0,166.0,66.0
Julius Randle,NYK,70,25.8,10.2,4.3,1.3,0.7,0.459,0.338,0.579,1333,612.0,588.0,199.0,346.0,230.0,132.0,66.0,168.0,76.0,99.0,41.0,257.0,92.0,224.0,76.0,107.0,31.0
Lauri Markkanen,UTA,62,25.7,8.6,1.8,1.1,1.0,0.495,0.388,0.638,1082,536.0,485.0,188.0,335.0,231.0,153.0,67.0,67.0,32.0,42.0,18.0,144.0,60.0,197.0,93.0,144.0,35.0
De'Aaron Fox,SAC,67,25.1,4.3,6.3,1.8,0.7,0.515,0.325,0.6,1224,630.0,335.0,109.0,283.0,219.0,207.0,109.0,247.0,124.0,152.0,69.0,160.0,56.0,122.0,39.0,53.0,14.0
Brandon Ingram,NOP,41,24.5,5.3,6.0,2.0,0.8,0.482,0.384,0.581,753,363.0,146.0,56.0,147.0,98.0,89.0,41.0,205.0,101.0,166.0,67.0,48.0,12.0,63.0,28.0,35.0,16.0
Jalen Brunson,NYK,62,24.5,3.6,6.2,1.3,0.7,0.494,0.421,0.602,1098,542.0,302.0,127.0,229.0,133.0,248.0,124.0,218.0,105.0,101.0,53.0,131.0,56.0,124.0,55.0,47.0,16.0
Anthony Edwards,MIN,71,24.4,5.8,4.3,2.0,0.8,0.451,0.361,0.556,1387,625.0,523.0,189.0,494.0,306.0,126.0,44.0,99.0,37.0,145.0,49.0,226.0,80.0,189.0,74.0,108.0,35.0
Nikola Jokic,DEN,64,24.3,11.6,9.9,2.4,0.7,0.634,0.367,0.703,936,593.0,139.0,51.0,409.0,307.0,248.0,159.0,97.0,51.0,43.0,25.0,40.0,15.0,63.0,22.0,36.0,14.0
DeMar DeRozan,CHI,66,24.3,4.6,5.1,1.3,0.8,0.503,0.314,0.591,1153,580.0,121.0,38.0,221.0,155.0,99.0,52.0,295.0,145.0,417.0,190.0,31.0,7.0,60.0,20.0,30.0,11.0
Zach LaVine,CHI,68,24.3,4.4,4.2,1.5,0.9,0.477,0.359,0.597,1220,582.0,479.0,172.0,404.0,265.0,74.0,30.0,70.0,35.0,193.0,80.0,150.0,54.0,163.0,56.0,166.0,62.0
Pascal Siakam,TOR,63,23.9,7.8,5.8,1.4,0.5,0.478,0.319,0.563,1156,553.0,248.0,79.0,318.0,224.0,230.0,96.0,195.0,89.0,165.0,65.0,78.0,24.0,109.0,39.0,61.0,16.0
Kawhi Leonard,LAC,50,23.9,6.4,3.9,1.0,0.5,0.513,0.415,0.624,840,431.0,241.0,100.0,148.0,97.0,106.0,59.0,186.0,99.0,159.0,76.0,65.0,28.0,126.0,55.0,50.0,17.0
LaMelo Ball,CHA,31,23.8,6.4,8.6,1.7,0.7,0.413,0.381,0.544,632,261.0,339.0,129.0,142.0,73.0,61.0,20.0,52.0,23.0,38.0,16.0,52.0,22.0,89.0,38.0,198.0,69.0
Bradley Beal,WAS,48,23.6,4.0,5.4,1.9,0.7,0.508,0.371,0.594,857,435.0,213.0,79.0,253.0,173.0,129.0,56.0,133.0,64.0,129.0,63.0,59.0,19.0,89.0,34.0,65.0,26.0
Paul George,LAC,53,23.6,6.2,5.1,1.9,0.7,0.456,0.369,0.584,950,433.0,401.0,148.0,202.0,139.0,66.0,30.0,115.0,51.0,166.0,65.0,127.0,55.0,160.0,58.0,114.0,35.0
Jimmy Butler,MIA,57,23.3,5.8,5.4,0.8,0.8,0.544,0.371,0.653,793,431.0,89.0,33.0,356.0,234.0,163.0,78.0,128.0,63.0,57.0,23.0,42.0,15.0,39.0,13.0,8.0,5.0
Kristaps Porzingis,WAS,57,23.0,8.5,2.7,1.1,0.9,0.496,0.386,0.623,895,444.0,319.0,123.0,202.0,145.0,142.0,71.0,142.0,72.0,90.0,33.0,36.0,14.0,94.0,35.0,189.0,74.0
Jalen Green,HOU,67,22.6,3.7,3.6,1.6,1.4,0.426,0.348,0.547,1213,517.0,497.0,173.0,372.0,211.0,121.0,47.0,92.0,37.0,131.0,49.0,99.0,33.0,198.0,78.0,200.0,62.0
Bojan Bogdanovic,DET,48,22.2,3.8,2.8,1.5,1.5,0.483,0.398,0.617,756,365.0,304.0,121.0,164.0,103.0,104.0,48.0,124.0,72.0,60.0,21.0,102.0,41.0,140.0,54.0,62.0,26.0
Kyle Kuzma,WAS,58,21.7,7.0,3.6,1.1,0.9,0.456,0.333,0.552,1042,475.0,445.0,148.0,282.0,198.0,181.0,80.0,82.0,32.0,52.0,17.0,115.0,43.0,154.0,51.0,176.0,54.0
Darius Garland,CLE,58,21.7,2.8,7.8,1.8,0.8,0.456,0.402,0.581,962,439.0,348.0,140.0,207.0,113.0,151.0,64.0,147.0,83.0,109.0,39.0,81.0,27.0,121.0,50.0,146.0,63.0
Klay Thompson,GSW,61,21.6,4.1,2.3,0.9,0.5,0.432,0.407,0.571,1100,475.0,642.0,261.0,118.0,76.0,72.0,32.0,121.0,45.0,147.0,61.0,179.0,74.0,273.0,113.0,190.0,74.0
Keldon Johnson,SAS,56,21.6,4.8,3.0,1.3,1.0,0.458,0.334,0.554,972,445.0,350.0,117.0,353.0,219.0,158.0,70.0,94.0,34.0,17.0,5.0,115.0,51.0,147.0,45.0,88.0,21.0
Desmond Bane,MEM,51,21.4,4.9,4.4,1.0,1.2,0.472,0.388,0.597,829,391.0,361.0,140.0,250.0,155.0,107.0,44.0,60.0,26.0,51.0,26.0,136.0,55.0,117.0,49.0,108.0,36.0
Terry Rozier,CHA,58,21.3,4.2,5.2,1.1,1.1,0.416,0.334,0.518,1105,460.0,467.0,156.0,286.0,162.0,142.0,53.0,110.0,46.0,100.0,43.0,170.0,57.0,221.0,80.0,76.0,19.0
Dejounte Murray,ATL,65,21.1,5.4,6.0,1.5,0.7,0.47,0.352,0.545,1190,559.0,355.0,125.0,221.0,144.0,132.0,57.0,279.0,135.0,203.0,98.0,137.0,50.0,164.0,57.0,54.0,18.0
Jordan Clarkson,UTA,56,21.1,4.1,4.3,1.8,0.9,0.444,0.336,0.557,958,425.0,425.0,143.0,193.0,113.0,192.0,98.0,129.0,64.0,19.0,7.0,140.0,53.0,164.0,57.0,121.0,33.0
CJ McCollum,NOP,68,21.0,4.3,5.7,1.4,0.8,0.439,0.398,0.546,1212,532.0,492.0,196.0,209.0,114.0,154.0,70.0,185.0,97.0,172.0,55.0,169.0,74.0,195.0,78.0,128.0,44.0
Tyrese Haliburton,IND,47,21.0,3.6,10.3,1.8,0.7,0.494,0.402,0.628,710,351.0,338.0,136.0,189.0,128.0,75.0,34.0,68.0,33.0,40.0,20.0,57.0,20.0,115.0,62.0,166.0,54.0
Tyrese Maxey,PHI,55,20.9,3.0,3.7,0.5,0.6,0.485,0.441,0.61,852,413.0,345.0,152.0,241.0,141.0,106.0,47.0,99.0,48.0,61.0,25.0,61.0,28.0,130.0,63.0,154.0,61.0
Anfernee Simons,POR,58,20.7,2.5,4.1,1.2,0.7,0.443,0.374,0.574,975,432.0,521.0,195.0,196.0,122.0,81.0,35.0,93.0,43.0,84.0,37.0,130.0,56.0,168.0,49.0,223.0,90.0
Mikal Bridges,PHX,74,20.6,4.3,3.4,1.1,0.7,0.464,0.371,0.582,1168,542.0,410.0,152.0,229.0,153.0,146.0,63.0,274.0,129.0,109.0,45.0,166.0,61.0,205.0,80.0,39.0,11.0
Karl-Anthony Towns,MIN,27,20.4,8.1,4.8,1.4,0.7,0.492,0.353,0.616,390,192.0,150.0,53.0,101.0,75.0,86.0,38.0,27.0,11.0,26.0,15.0,53.0,19.0,65.0,21.0,32.0,13.0
Jordan Poole,GSW,71,20.4,2.8,4.6,1.5,0.9,0.424,0.327,0.568,1113,472.0,557.0,182.0,254.0,167.0,118.0,50.0,85.0,33.0,99.0,40.0,83.0,26.0,189.0,61.0,285.0,95.0
James Harden,PHI,51,20.4,6.4,10.8,2.2,0.9,0.435,0.395,0.609,717,312.0,365.0,144.0,159.0,90.0,85.0,32.0,75.0,32.0,33.0,14.0,65.0,20.0,121.0,59.0,179.0,65.0
Kelly Oubre Jr.,CHA,47,20.3,5.2,1.1,0.7,1.1,0.43,0.315,0.532,807,347.0,333.0,105.0,255.0,148.0,108.0,44.0,74.0,30.0,37.0,20.0,106.0,30.0,163.0,56.0,64.0,19.0
Bam Adebayo,MIA,66,20.3,9.3,3.2,1.0,0.7,0.535,0.0,0.587,982,525.0,11.0,0.0,385.0,257.0,255.0,115.0,272.0,135.0,59.0,18.0,3.0,0.0,3.0,0.0,5.0,0.0
Paolo Banchero,ORL,66,20.2,6.9,3.7,1.7,1.3,0.428,0.31,0.533,1030,441.0,268.0,83.0,353.0,213.0,149.0,46.0,118.0,49.0,142.0,50.0,70.0,22.0,107.0,36.0,91.0,25.0
Jerami Grant,POR,59,20.2,4.4,2.4,0.9,0.9,0.468,0.392,0.599,854,400.0,334.0,131.0,284.0,181.0,72.0,27.0,69.0,27.0,95.0,34.0,119.0,55.0,152.0,54.0,63.0,22.0
Tyler Herro,MIA,60,20.1,5.4,4.2,1.4,0.7,0.438,0.379,0.566,991,434.0,483.0,183.0,135.0,83.0,130.0,65.0,159.0,73.0,84.0,30.0,132.0,50.0,186.0,76.0,165.0,57.0
RJ Barrett,NYK,66,19.8,5.0,2.8,1.2,1.3,0.438,0.315,0.535,1072,470.0,355.0,112.0,407.0,240.0,212.0,86.0,70.0,25.0,28.0,7.0,166.0,50.0,163.0,58.0,26.0,4.0
Jamal Murray,DEN,61,19.8,4.1,6.2,1.6,0.6,0.448,0.397,0.566,977,438.0,406.0,161.0,210.0,133.0,86.0,27.0,117.0,51.0,158.0,66.0,124.0,50.0,181.0,84.0,101.0,27.0
Jrue Holiday,MIL,61,19.3,5.1,7.1,2.0,0.7,0.481,0.396,0.588,935,450.0,379.0,150.0,241.0,159.0,130.0,59.0,90.0,40.0,95.0,42.0,92.0,34.0,157.0,68.0,130.0,48.0
Fred VanVleet,TOR,64,19.1,4.1,7.2,1.2,0.8,0.394,0.347,0.541,1017,401.0,556.0,193.0,182.0,99.0,79.0,25.0,81.0,30.0,119.0,54.0,144.0,61.0,191.0,67.0,221.0,65.0
Domantas Sabonis,SAC,73,19.1,12.2,7.2,1.4,0.8,0.617,0.382,0.666,871,537.0,76.0,29.0,565.0,397.0,140.0,65.0,35.0,20.0,55.0,26.0,41.0,16.0,29.0,12.0,6.0,1.0
Kevin Porter Jr.,HOU,51,19.0,5.4,5.6,2.2,1.0,0.441,0.35,0.558,765,337.0,329.0,115.0,190.0,123.0,99.0,34.0,87.0,34.0,60.0,31.0,77.0,30.0,154.0,56.0,98.0,29.0
Devin Vassell,SAS,35,18.9,3.9,3.7,0.9,0.5,0.445,0.39,0.556,555,247.0,246.0,96.0,94.0,58.0,31.0,10.0,94.0,36.0,90.0,47.0,78.0,30.0,97.0,38.0,71.0,28.0
Franz Wagner,ORL,74,18.7,4.1,3.6,1.2,1.1,0.481,0.359,0.585,1051,506.0,337.0,121.0,432.0,272.0,171.0,68.0,74.0,28.0,37.0,17.0,91.0,32.0,139.0,45.0,107.0,44.0
Jaren Jackson Jr.,MEM,53,18.5,6.6,1.0,0.7,1.1,0.504,0.355,0.609,697,351.0,234.0,83.0,280.0,188.0,150.0,70.0,28.0,8.0,5.0,2.0,87.0,32.0,97.0,34.0,50.0,17.0
Deandre Ayton,PHX,61,18.0,9.8,1.6,0.8,0.6,0.589,0.333,0.619,807,475.0,21.0,7.0,320.0,247.0,202.0,103.0,178.0,79.0,86.0,39.0,5.0,1.0,11.0,2.0,5.0,4.0
Spencer Dinwiddie,DAL,67,17.9,3.5,6.7,1.0,0.7,0.439,0.368,0.577,913,401.0,427.0,157.0,242.0,146.0,115.0,44.0,79.0,32.0,50.0,22.0,166.0,70.0,153.0,55.0,108.0,32.0
Myles Turner,IND,53,17.9,7.4,1.4,0.6,0.5,0.547,0.377,0.65,633,346.0,223.0,84.0,236.0,164.0,105.0,63.0,50.0,30.0,19.0,5.0,44.0,20.0,87.0,33.0,92.0,31.0
Nikola Vucevic,CHI,73,17.7,11.2,3.2,0.8,0.5,0.518,0.343,0.591,1028,533.0,309.0,106.0,294.0,204.0,200.0,121.0,134.0,61.0,91.0,41.0,96.0,31.0,121.0,49.0,92.0,26.0
Andrew Wiggins,GSW,30,17.7,5.3,2.4,0.6,0.6,0.483,0.402,0.577,431,208.0,184.0,74.0,87.0,65.0,81.0,37.0,35.0,14.0,44.0,18.0,66.0,23.0,64.0,29.0,54.0,22.0
D'Angelo Russell,MIN,66,17.6,3.0,6.1,1.6,0.3,0.466,0.386,0.602,875,408.0,451.0,174.0,159.0,111.0,72.0,31.0,111.0,51.0,82.0,41.0,184.0,67.0,174.0,75.0,93.0,32.0
Michael Porter Jr.,DEN,59,17.6,5.5,1.0,0.6,0.5,0.49,0.419,0.625,781,383.0,432.0,181.0,175.0,129.0,37.0,12.0,42.0,19.0,95.0,42.0,158.0,65.0,184.0,78.0,90.0,38.0
Gary Trent Jr.,TOR,60,17.3,2.6,1.6,0.3,0.5,0.435,0.377,0.564,841,366.0,411.0,155.0,123.0,80.0,78.0,37.0,91.0,41.0,138.0,53.0,143.0,56.0,167.0,62.0,101.0,37.0
Bennedict Mathurin,IND,66,17.1,4.3,1.5,1.0,1.2,0.441,0.337,0.569,823,363.0,264.0,89.0,327.0,187.0,124.0,46.0,66.0,26.0,42.0,15.0,77.0,27.0,113.0,43.0,74.0,19.0
O.G. Anunoby,TOR,60,17.1,5.1,2.0,1.0,1.0,0.476,0.39,0.587,806,384.0,331.0,129.0,289.0,183.0,88.0,33.0,48.0,19.0,50.0,20.0,117.0,52.0,156.0,55.0,58.0,22.0
Norman Powell,LAC,56,16.9,2.9,1.8,1.0,0.7,0.48,0.388,0.609,666,320.0,263.0,102.0,224.0,146.0,73.0,29.0,61.0,25.0,45.0,18.0,73.0,30.0,126.0,48.0,64.0,24.0
Aaron Gordon,DEN,64,16.7,6.7,3.1,0.8,1.0,0.562,0.343,0.615,739,415.0,169.0,58.0,431.0,311.0,59.0,20.0,50.0,16.0,30.0,10.0,65.0,23.0,77.0,29.0,27.0,6.0
Buddy Hield,IND,68,16.5,5.1,2.8,1.2,0.4,0.459,0.423,0.615,868,398.0,572.0,242.0,159.0,101.0,38.0,14.0,34.0,15.0,65.0,26.0,175.0,82.0,230.0,94.0,167.0,66.0
Evan Mobley,CLE,67,16.4,9.2,2.7,0.8,0.7,0.555,0.22,0.595,802,445.0,82.0,18.0,387.0,297.0,190.0,79.0,108.0,37.0,35.0,14.0,40.0,12.0,37.0,6.0,5.0,0.0
Jaden Ivey,DET,62,16.4,4.0,5.3,1.9,1.2,0.413,0.345,0.527,837,346.0,296.0,102.0,277.0,150.0,98.0,30.0,81.0,29.0,85.0,35.0,70.0,25.0,94.0,31.0,132.0,46.0
Josh Giddey,OKC,72,16.3,7.9,6.1,1.9,1.1,0.479,0.323,0.531,1045,501.0,217.0,70.0,426.0,260.0,269.0,117.0,110.0,48.0,23.0,6.0,73.0,23.0,84.0,35.0,60.0,12.0
Christian Wood,DAL,61,16.0,7.3,1.7,0.7,0.6,0.507,0.371,0.617,683,346.0,248.0,92.0,258.0,172.0,88.0,49.0,43.0,18.0,46.0,15.0,101.0,37.0,94.0,36.0,53.0,19.0
Brook Lopez,MIL,71,15.9,6.8,1.3,0.5,0.3,0.54,0.375,0.639,805,435.0,315.0,118.0,275.0,204.0,92.0,56.0,92.0,45.0,31.0,12.0,54.0,26.0,122.0,47.0,139.0,45.0
De'Andre Hunter,ATL,61,15.5,4.3,1.4,0.7,0.6,0.458,0.348,0.561,756,346.0,264.0,92.0,161.0,96.0,85.0,35.0,149.0,78.0,97.0,45.0,101.0,34.0,139.0,51.0,24.0,7.0
P.J. Washington,CHA,69,15.5,5.0,2.4,0.9,0.9,0.441,0.347,0.538,925,408.0,404.0,140.0,236.0,153.0,160.0,69.0,67.0,28.0,58.0,18.0,125.0,47.0,215.0,71.0,64.0,22.0
Cameron Johnson,PHX,38,15.5,4.3,1.8,0.6,0.6,0.48,0.415,0.63,419,201.0,224.0,93.0,102.0,69.0,18.0,4.0,36.0,16.0,39.0,19.0,72.0,33.0,107.0,40.0,45.0,20.0
Scottie Barnes,TOR,71,15.4,6.6,4.9,1.1,0.6,0.459,0.269,0.526,940,431.0,201.0,54.0,353.0,229.0,211.0,88.0,92.0,31.0,83.0,29.0,69.0,25.0,101.0,24.0,31.0,5.0
Tobias Harris,PHI,65,15.2,5.8,2.6,0.5,0.7,0.51,0.393,0.611,762,389.0,295.0,116.0,248.0,171.0,108.0,50.0,83.0,37.0,28.0,15.0,110.0,42.0,126.0,53.0,59.0,21.0
Kevin Huerter,SAC,69,15.2,3.3,3.0,0.7,0.3,0.492,0.41,0.628,783,385.0,461.0,189.0,139.0,101.0,77.0,48.0,71.0,31.0,35.0,16.0,162.0,76.0,192.0,69.0,107.0,44.0
Wendell Carter Jr.,ORL,52,15.1,8.5,2.4,0.8,0.3,0.526,0.369,0.624,553,291.0,203.0,75.0,207.0,156.0,43.0,17.0,60.0,29.0,40.0,14.0,66.0,24.0,99.0,37.0,38.0,14.0
Russell Westbrook,LAL,62,15.1,5.9,7.7,2.0,1.0,0.429,0.286,0.502,825,354.0,238.0,68.0,354.0,201.0,79.0,26.0,89.0,40.0,65.0,19.0,88.0,25.0,111.0,30.0,39.0,13.0
Khris Middleton,MIL,33,15.1,4.2,4.9,1.4,0.6,0.436,0.315,0.551,406,177.0,162.0,51.0,69.0,44.0,43.0,21.0,70.0,32.0,62.0,29.0,47.0,14.0,59.0,18.0,56.0,19.0
Alperen Sengun,HOU,67,15.0,9.2,4.1,1.3,0.8,0.557,0.327,0.602,722,402.0,49.0,16.0,400.0,263.0,215.0,99.0,45.0,21.0,13.0,3.0,14.0,5.0,20.0,4.0,15.0,7.0
Trey Murphy III,NOP,72,14.8,3.4,1.5,0.3,0.3,0.488,0.408,0.653,739,361.0,461.0,188.0,194.0,141.0,48.0,21.0,14.0,3.0,22.0,8.0,106.0,41.0,170.0,71.0,185.0,76.0
Harrison Barnes,SAC,76,14.7,4.6,1.6,0.6,0.4,0.466,0.37,0.622,734,342.0,324.0,120.0,248.0,163.0,109.0,39.0,45.0,17.0,8.0,3.0,126.0,46.0,165.0,64.0,33.0,10.0
Malcolm Brogdon,BOS,62,14.5,4.2,3.8,0.9,0.8,0.479,0.431,0.605,670,321.0,269.0,116.0,207.0,115.0,75.0,31.0,65.0,32.0,54.0,27.0,69.0,32.0,113.0,47.0,87.0,37.0
Collin Sexton,UTA,44,14.5,2.1,2.9,1.0,1.1,0.513,0.396,0.622,431,221.0,111.0,44.0,173.0,101.0,91.0,49.0,41.0,22.0,15.0,5.0,41.0,13.0,55.0,24.0,15.0,7.0
Bobby Portis,MIL,63,14.4,9.7,1.6,0.5,0.5,0.503,0.373,0.583,729,367.0,233.0,87.0,203.0,132.0,97.0,58.0,127.0,55.0,69.0,35.0,61.0,18.0,104.0,40.0,68.0,29.0
Gordon Hayward,CHA,47,14.4,4.3,4.1,0.9,0.4,0.474,0.336,0.564,534,253.0,146.0,49.0,95.0,69.0,82.0,36.0,113.0,56.0,98.0,43.0,46.0,15.0,76.0,27.0,24.0,7.0
Jarrett Allen,CLE,57,14.3,10.1,1.8,0.7,0.7,0.646,0.143,0.672,522,337.0,7.0,1.0,355.0,263.0,98.0,48.0,42.0,18.0,20.0,7.0,2.0,0.0,4.0,0.0,1.0,1.0
Jonas Valanciunas,NOP,71,14.3,10.2,1.8,0.9,0.6,0.549,0.286,0.608,739,406.0,91.0,26.0,338.0,238.0,172.0,85.0,102.0,45.0,36.0,12.0,31.0,7.0,43.0,14.0,17.0,5.0
Immanuel Quickley,NYK,73,14.2,4.2,3.3,0.5,0.4,0.437,0.36,0.568,820,358.0,406.0,146.0,136.0,85.0,125.0,62.0,107.0,49.0,46.0,16.0,149.0,50.0,167.0,63.0,90.0,33.0
Bogdan Bogdanovic,ATL,47,14.2,3.1,2.9,0.9,0.3,0.455,0.411,0.597,530,241.0,316.0,130.0,64.0,41.0,29.0,15.0,68.0,34.0,53.0,21.0,146.0,64.0,124.0,48.0,46.0,18.0
Luguentz Dort,OKC,71,14.0,4.5,2.1,0.6,0.7,0.392,0.338,0.519,847,332.0,399.0,135.0,323.0,156.0,79.0,22.0,25.0,8.0,21.0,11.0,128.0,43.0,172.0,62.0,99.0,30.0
Markelle Fultz,ORL,56,13.9,3.9,5.6,1.3,0.7,0.514,0.304,0.564,627,322.0,79.0,24.0,256.0,163.0,104.0,50.0,102.0,49.0,86.0,36.0,32.0,9.0,34.0,11.0,13.0,4.0
Tim Hardaway Jr.,DAL,63,13.8,3.4,1.9,0.5,0.4,0.398,0.385,0.55,734,292.0,475.0,183.0,101.0,53.0,41.0,13.0,62.0,25.0,55.0,18.0,148.0,68.0,206.0,72.0,121.0,43.0
Dillon Brooks,MEM,63,13.8,3.2,2.4,0.8,0.3,0.396,0.323,0.497,820,325.0,372.0,120.0,160.0,90.0,111.0,45.0,113.0,49.0,64.0,21.0,164.0,48.0,148.0,51.0,60.0,21.0
Jalen Williams,OKC,71,13.7,4.5,3.2,0.8,0.7,0.514,0.349,0.593,743,382.0,189.0,66.0,344.0,232.0,118.0,45.0,53.0,25.0,39.0,14.0,71.0,28.0,75.0,25.0,43.0,13.0
Chris Paul,PHX,54,13.7,4.1,8.5,1.4,0.1,0.439,0.377,0.553,606,266.0,236.0,89.0,26.0,11.0,60.0,30.0,176.0,86.0,108.0,50.0,74.0,29.0,90.0,29.0,72.0,31.0
Rudy Gobert,MIN,61,13.6,11.9,1.2,0.8,0.6,0.654,0.0,0.671,486,318.0,3.0,0.0,419.0,296.0,51.0,18.0,11.0,4.0,2.0,0.0,0.0,0.0,1.0,0.0,2.0,0.0
Malik Monk,SAC,72,13.6,2.6,3.8,1.1,0.7,0.444,0.356,0.582,754,335.0,374.0,133.0,230.0,144.0,72.0,24.0,49.0,21.0,29.0,13.0,144.0,53.0,132.0,50.0,98.0,30.0
Jusuf Nurkic,POR,49,13.5,9.0,2.9,1.1,0.7,0.518,0.36,0.588,481,249.0,111.0,40.0,273.0,167.0,78.0,33.0,11.0,5.0,8.0,4.0,34.0,10.0,52.0,21.0,25.0,9.0
Saddiq Bey,DET,64,13.3,4.7,1.4,0.3,0.7,0.418,0.348,0.558,682,285.0,339.0,118.0,203.0,123.0,71.0,25.0,36.0,12.0,33.0,7.0,122.0,41.0,143.0,56.0,74.0,21.0
Austin Reaves,LAL,56,13.2,3.1,3.5,1.0,0.3,0.526,0.402,0.684,435,229.0,194.0,78.0,108.0,84.0,57.0,29.0,54.0,29.0,22.0,9.0,58.0,34.0,84.0,32.0,52.0,12.0
Kris Dunn,UTA,21,13.0,4.7,5.8,0.8,0.8,0.532,0.438,0.598,205,109.0,32.0,14.0,58.0,35.0,87.0,48.0,25.0,11.0,3.0,1.0,19.0,7.0,9.0,6.0,4.0,1.0
Alec Burks,DET,42,12.9,2.9,2.2,0.5,0.3,0.431,0.423,0.601,383,165.0,201.0,85.0,43.0,25.0,43.0,16.0,48.0,21.0,48.0,18.0,74.0,35.0,83.0,35.0,44.0,15.0
Cole Anthony,ORL,56,12.9,4.8,4.0,0.9,0.4,0.451,0.354,0.566,567,256.0,192.0,68.0,117.0,65.0,99.0,48.0,84.0,44.0,75.0,31.0,58.0,23.0,68.0,21.0,66.0,24.0
Malik Beasley,UTA,77,12.7,3.5,1.6,0.7,0.3,0.394,0.354,0.53,898,354.0,633.0,224.0,62.0,40.0,85.0,47.0,62.0,23.0,56.0,20.0,242.0,80.0,247.0,100.0,144.0,44.0
Dennis Schroder,LAL,59,12.7,2.4,4.6,1.2,0.7,0.414,0.338,0.542,590,244.0,201.0,68.0,147.0,73.0,73.0,30.0,102.0,46.0,67.0,27.0,68.0,22.0,93.0,35.0,40.0,11.0
John Collins,ATL,63,12.7,6.5,1.2,0.6,0.7,0.497,0.267,0.581,616,306.0,206.0,55.0,223.0,168.0,88.0,36.0,68.0,32.0,31.0,15.0,74.0,23.0,112.0,29.0,20.0,3.0
Tre Jones,SAS,60,12.7,3.5,6.4,1.1,0.6,0.452,0.297,0.53,653,295.0,138.0,41.0,227.0,137.0,106.0,36.0,154.0,67.0,28.0,14.0,62.0,14.0,55.0,20.0,21.0,7.0
Jabari Smith Jr.,HOU,70,12.6,7.1,1.2,0.9,0.4,0.4,0.302,0.507,785,314.0,341.0,103.0,163.0,105.0,94.0,37.0,87.0,35.0,100.0,34.0,114.0,51.0,145.0,35.0,82.0,17.0
Kenyon Martin Jr.,HOU,73,12.6,5.5,1.6,0.4,0.6,0.571,0.314,0.635,637,364.0,185.0,58.0,370.0,274.0,79.0,30.0,3.0,2.0,0.0,0.0,47.0,20.0,85.0,25.0,53.0,13.0
Nic Claxton,BKN,68,12.5,9.2,1.8,0.4,0.4,0.708,0.0,0.69,518,367.0,2.0,0.0,408.0,318.0,94.0,42.0,14.0,7.0,0.0,0.0,0.0,0.0,2.0,0.0,0.0,0.0
Derrick White,BOS,76,12.5,3.5,4.0,0.8,0.4,0.458,0.377,0.599,712,326.0,366.0,138.0,160.0,98.0,105.0,52.0,61.0,32.0,20.0,6.0,119.0,53.0,150.0,55.0,97.0,30.0
Jakob Poeltl,SAS,62,12.4,9.0,2.9,1.0,0.5,0.62,0.0,0.628,537,333.0,1.0,0.0,300.0,223.0,149.0,69.0,84.0,41.0,3.0,0.0,0.0,0.0,0.0,0.0,1.0,0.0
Eric Gordon,HOU,63,12.3,1.9,2.7,0.8,0.5,0.451,0.377,0.591,592,267.0,324.0,122.0,159.0,95.0,75.0,38.0,30.0,11.0,4.0,1.0,35.0,9.0,67.0,28.0,222.0,85.0
Keegan Murray,SAC,74,12.3,4.6,1.2,0.4,0.5,0.454,0.412,0.596,732,332.0,464.0,191.0,168.0,100.0,41.0,16.0,36.0,17.0,23.0,8.0,162.0,72.0,213.0,90.0,89.0,29.0
Kelly Olynyk,UTA,64,12.1,6.1,3.8,1.2,0.4,0.492,0.387,0.634,522,257.0,225.0,87.0,162.0,111.0,81.0,38.0,34.0,11.0,20.0,10.0,69.0,30.0,82.0,27.0,74.0,30.0
Caris LeVert,CLE,63,12.1,3.7,3.9,1.0,0.4,0.423,0.384,0.536,643,272.0,279.0,107.0,174.0,105.0,81.0,27.0,85.0,27.0,24.0,6.0,100.0,37.0,132.0,47.0,47.0,23.0
Clint Capela,ATL,58,12.0,11.2,0.9,0.4,0.4,0.641,0.0,0.645,490,314.0,1.0,0.0,422.0,284.0,63.0,29.0,2.0,0.0,2.0,1.0,0.0,0.0,0.0,0.0,1.0,0.0
Max Strus,MIA,71,11.9,3.2,2.2,0.5,0.3,0.41,0.352,0.555,725,297.0,517.0,182.0,136.0,88.0,44.0,18.0,19.0,8.0,9.0,1.0,160.0,60.0,223.0,88.0,134.0,34.0
Jaden McDaniels,MIN,71,11.9,3.8,1.8,0.8,0.4,0.516,0.374,0.602,644,332.0,230.0,86.0,238.0,168.0,85.0,34.0,67.0,35.0,24.0,9.0,95.0,39.0,127.0,44.0,8.0,3.0
Zach Collins,SAS,58,11.8,6.4,3.0,0.9,0.5,0.522,0.37,0.601,510,266.0,138.0,51.0,198.0,134.0,99.0,51.0,44.0,18.0,31.0,12.0,53.0,14.0,54.0,23.0,31.0,14.0
Marvin Bagley III,DET,35,11.8,6.0,0.9,0.4,0.3,0.53,0.315,0.588,317,168.0,54.0,17.0,132.0,92.0,84.0,39.0,40.0,16.0,7.0,4.0,14.0,3.0,30.0,13.0,10.0,1.0
Marcus Smart,BOS,56,11.7,3.1,6.3,1.2,0.3,0.421,0.345,0.544,551,232.0,307.0,106.0,112.0,70.0,71.0,30.0,44.0,21.0,17.0,5.0,97.0,31.0,114.0,34.0,96.0,41.0
Naz Reid,MIN,60,11.6,5.2,1.2,0.6,0.5,0.533,0.352,0.614,516,275.0,196.0,69.0,224.0,167.0,80.0,32.0,14.0,6.0,2.0,1.0,70.0,25.0,78.0,23.0,48.0,21.0
Bruce Brown,DEN,75,11.6,4.2,3.4,0.9,0.5,0.484,0.353,0.57,696,337.0,232.0,82.0,269.0,185.0,102.0,40.0,71.0,24.0,22.0,6.0,93.0,37.0,119.0,39.0,20.0,6.0
Isaiah Stewart,DET,39,11.5,8.2,1.5,0.4,0.5,0.444,0.329,0.56,351,156.0,167.0,55.0,138.0,75.0,37.0,20.0,4.0,2.0,5.0,4.0,61.0,26.0,79.0,21.0,27.0,8.0
John Wall,LAC,32,11.5,2.8,5.3,1.7,0.9,0.411,0.317,0.5,321,132.0,104.0,33.0,99.0,58.0,34.0,14.0,25.0,7.0,59.0,20.0,29.0,10.0,26.0,7.0,49.0,16.0
Bones Hyland,DEN,53,11.4,2.4,3.0,0.8,0.6,0.387,0.356,0.521,537,208.0,298.0,106.0,112.0,59.0,54.0,17.0,47.0,13.0,26.0,13.0,66.0,23.0,103.0,38.0,129.0,45.0
Mike Conley,UTA,59,11.3,2.7,6.6,1.1,0.2,0.408,0.365,0.558,532,217.0,301.0,110.0,72.0,39.0,75.0,28.0,67.0,33.0,17.0,7.0,125.0,40.0,123.0,51.0,53.0,19.0
Lonnie Walker IV,LAL,48,11.2,1.9,1.2,0.4,0.4,0.438,0.355,0.561,438,192.0,211.0,75.0,129.0,77.0,34.0,10.0,23.0,9.0,41.0,21.0,78.0,28.0,99.0,34.0,34.0,13.0
Marcus Morris Sr.,LAC,61,11.1,3.9,1.8,0.4,0.2,0.432,0.356,0.534,604,261.0,289.0,103.0,57.0,37.0,45.0,25.0,119.0,53.0,94.0,43.0,103.0,42.0,121.0,37.0,65.0,24.0
Kyle Lowry,MIA,50,11.1,4.2,5.2,1.1,0.4,0.41,0.349,0.573,434,178.0,278.0,97.0,71.0,40.0,26.0,12.0,35.0,19.0,24.0,10.0,82.0,35.0,111.0,34.0,85.0,28.0
Talen Horton-Tucker,UTA,59,11.1,3.4,4.0,1.0,0.7,0.417,0.284,0.505,578,241.0,190.0,54.0,212.0,118.0,94.0,41.0,60.0,19.0,22.0,9.0,49.0,15.0,73.0,22.0,68.0,17.0
Jeremy Sochan,SAS,50,11.0,5.4,2.6,0.9,0.9,0.448,0.244,0.503,500,224.0,123.0,30.0,222.0,133.0,83.0,32.0,44.0,19.0,28.0,10.0,54.0,15.0,54.0,13.0,15.0,2.0
Jaylen Nowell,MIN,60,11.0,2.6,2.0,0.7,0.6,0.455,0.3,0.534,572,260.0,207.0,62.0,180.0,108.0,81.0,38.0,81.0,43.0,23.0,9.0,97.0,34.0,74.0,23.0,36.0,5.0
Rui Hachimura,WAS,59,11.0,4.6,0.9,0.5,0.6,0.479,0.313,0.549,541,259.0,147.0,46.0,177.0,115.0,49.0,12.0,88.0,43.0,80.0,43.0,43.0,19.0,73.0,22.0,31.0,5.0
Ivica Zubac,LAC,71,10.9,10.1,1.1,0.8,0.5,0.644,0.0,0.669,477,307.0,2.0,0.0,357.0,242.0,104.0,58.0,11.0,5.0,3.0,2.0,0.0,0.0,0.0,0.0,2.0,0.0
Moritz Wagner,ORL,51,10.9,4.7,1.5,0.4,0.6,0.504,0.32,0.634,365,184.0,147.0,47.0,183.0,124.0,27.0,10.0,2.0,0.0,6.0,3.0,56.0,18.0,63.0,21.0,28.0,8.0
Mason Plumlee,CHA,75,10.9,8.7,3.1,0.7,0.5,0.685,,0.693,457,313.0,0.0,0.0,378.0,277.0,59.0,25.0,15.0,7.0,5.0,4.0,0.0,0.0,0.0,0.0,0.0,0.0
Victor Oladipo,MIA,36,10.8,2.9,3.3,1.3,0.4,0.409,0.354,0.528,337,138.0,175.0,62.0,76.0,40.0,25.0,9.0,38.0,16.0,23.0,11.0,58.0,20.0,75.0,26.0,42.0,16.0
Kentavious Caldwell-Pope,DEN,71,10.7,2.8,2.4,0.7,0.1,0.459,0.421,0.594,591,271.0,299.0,126.0,124.0,75.0,26.0,7.0,47.0,23.0,95.0,40.0,89.0,41.0,170.0,68.0,40.0,17.0
James Wiseman,GSW,35,10.7,6.6,0.7,0.5,0.5,0.557,0.167,0.591,280,156.0,18.0,3.0,144.0,103.0,73.0,36.0,27.0,9.0,18.0,5.0,7.0,1.0,10.0,2.0,1.0,0.0
Quentin Grimes,NYK,65,10.7,3.1,1.9,0.5,0.3,0.461,0.372,0.609,536,247.0,363.0,135.0,147.0,105.0,11.0,3.0,9.0,2.0,6.0,2.0,163.0,69.0,158.0,53.0,42.0,13.0
Corey Kispert,WAS,66,10.6,2.7,1.2,0.3,0.4,0.493,0.426,0.653,505,249.0,336.0,143.0,114.0,83.0,37.0,18.0,12.0,4.0,6.0,1.0,79.0,40.0,125.0,50.0,132.0,53.0
Killian Hayes,DET,64,10.5,2.9,6.3,1.4,0.3,0.382,0.284,0.46,691,264.0,243.0,69.0,92.0,51.0,112.0,42.0,163.0,67.0,81.0,35.0,89.0,21.0,109.0,33.0,45.0,15.0
Malaki Branham,SAS,59,10.4,2.8,2.0,0.7,0.6,0.441,0.316,0.527,551,243.0,228.0,72.0,117.0,72.0,70.0,35.0,81.0,40.0,55.0,24.0,84.0,28.0,106.0,31.0,38.0,13.0
Grayson Allen,MIL,66,10.4,3.2,2.2,0.6,0.3,0.441,0.402,0.613,510,225.0,333.0,134.0,120.0,73.0,25.0,6.0,29.0,12.0,3.0,0.0,76.0,32.0,118.0,42.0,139.0,60.0
Aaron Nesmith,IND,62,10.3,3.7,1.3,0.5,0.7,0.432,0.392,0.575,502,217.0,268.0,105.0,147.0,82.0,43.0,10.0,32.0,16.0,12.0,4.0,99.0,46.0,131.0,42.0,38.0,17.0
Thomas Bryant,LAL,51,10.3,6.1,0.5,0.3,0.6,0.622,0.472,0.679,339,211.0,53.0,25.0,186.0,139.0,42.0,20.0,36.0,17.0,22.0,10.0,9.0,4.0,39.0,19.0,5.0,2.0
Cameron Payne,PHX,43,10.3,2.1,4.3,0.9,0.4,0.417,0.376,0.517,405,169.0,173.0,65.0,71.0,37.0,74.0,30.0,59.0,27.0,28.0,10.0,43.0,11.0,70.0,28.0,60.0,26.0
Doug McDermott,SAS,58,10.3,2.1,1.4,0.4,0.3,0.463,0.416,0.598,469,217.0,269.0,112.0,103.0,66.0,50.0,22.0,29.0,12.0,18.0,5.0,78.0,35.0,129.0,48.0,62.0,29.0
Jonathan Kuminga,GSW,58,10.2,3.4,1.9,0.6,0.5,0.527,0.367,0.597,440,232.0,128.0,47.0,202.0,138.0,66.0,27.0,24.0,11.0,20.0,9.0,34.0,11.0,74.0,32.0,20.0,4.0
Reggie Jackson,LAC,65,10.2,2.2,3.5,1.0,0.2,0.411,0.329,0.514,611,251.0,277.0,91.0,122.0,68.0,77.0,39.0,69.0,27.0,66.0,26.0,64.0,20.0,129.0,47.0,84.0,24.0
Brandon Clarke,MEM,46,10.2,5.5,1.3,0.4,0.3,0.659,0.167,0.689,293,193.0,6.0,1.0,170.0,132.0,65.0,32.0,45.0,23.0,7.0,5.0,1.0,0.0,5.0,1.0,0.0,0.0
Cam Thomas,BKN,45,10.1,1.8,1.4,0.6,0.2,0.408,0.346,0.54,358,146.0,107.0,37.0,60.0,36.0,56.0,24.0,80.0,25.0,55.0,24.0,29.0,14.0,48.0,11.0,30.0,12.0
Monte Morris,WAS,55,10.1,3.3,5.2,0.7,0.3,0.477,0.38,0.579,449,214.0,179.0,68.0,83.0,58.0,60.0,27.0,57.0,28.0,70.0,33.0,57.0,25.0,78.0,31.0,44.0,12.0
De'Anthony Melton,PHI,68,10.1,4.1,2.7,0.9,0.3,0.42,0.383,0.56,578,243.0,360.0,138.0,135.0,77.0,45.0,14.0,20.0,8.0,18.0,6.0,115.0,42.0,128.0,57.0,117.0,39.0
Tyus Jones,MEM,68,10.1,2.5,5.2,0.7,0.1,0.434,0.36,0.54,599,260.0,278.0,100.0,73.0,42.0,70.0,35.0,153.0,70.0,25.0,13.0,118.0,40.0,121.0,46.0,39.0,14.0
Isaiah Joe,OKC,66,10.1,2.5,1.3,0.4,0.2,0.446,0.42,0.635,484,216.0,374.0,157.0,37.0,24.0,13.0,5.0,20.0,11.0,40.0,19.0,101.0,48.0,147.0,63.0,126.0,46.0
Shaedon Sharpe,POR,74,10.0,3.0,1.2,0.7,0.4,0.475,0.367,0.572,602,286.0,259.0,95.0,204.0,136.0,40.0,17.0,27.0,8.0,72.0,30.0,96.0,37.0,102.0,39.0,61.0,19.0
Keita Bates-Diop,SAS,59,10.0,3.8,1.6,0.5,0.6,0.506,0.375,0.607,425,215.0,128.0,48.0,189.0,129.0,82.0,29.0,24.0,9.0,2.0,0.0,50.0,19.0,58.0,23.0,20.0,6.0
Josh Richardson,SAS,58,10.0,2.6,2.7,0.8,0.2,0.427,0.368,0.554,492,210.0,266.0,98.0,50.0,31.0,35.0,17.0,81.0,35.0,60.0,29.0,72.0,27.0,120.0,49.0,74.0,22.0
Patrick Williams,CHI,73,10.0,4.0,1.1,0.4,0.5,0.46,0.41,0.571,604,278.0,249.0,102.0,173.0,105.0,44.0,13.0,74.0,33.0,64.0,25.0,93.0,40.0,119.0,53.0,37.0,9.0
Coby White,CHI,64,9.9,2.8,2.8,0.6,0.3,0.444,0.369,0.57,529,235.0,301.0,111.0,124.0,78.0,34.0,13.0,39.0,20.0,31.0,13.0,93.0,31.0,112.0,45.0,96.0,35.0
Jaden Hardy,DAL,41,9.9,2.0,1.6,0.6,0.7,0.446,0.415,0.579,316,141.0,147.0,61.0,115.0,61.0,16.0,6.0,18.0,6.0,20.0,7.0,58.0,23.0,63.0,26.0,26.0,12.0
Kyle Anderson,MIN,58,9.9,5.5,5.0,0.8,0.3,0.53,0.438,0.604,423,224.0,89.0,39.0,137.0,86.0,139.0,74.0,45.0,23.0,13.0,2.0,33.0,11.0,48.0,26.0,8.0,2.0
Herbert Jones,NOP,59,9.9,4.1,2.5,0.4,0.5,0.475,0.351,0.576,444,211.0,148.0,52.0,221.0,138.0,51.0,15.0,9.0,4.0,15.0,2.0,58.0,19.0,83.0,31.0,7.0,2.0
Bol Bol,ORL,63,9.8,6.0,1.0,0.9,0.3,0.551,0.288,0.611,457,252.0,104.0,30.0,186.0,154.0,78.0,32.0,57.0,27.0,32.0,9.0,38.0,11.0,40.0,15.0,26.0,4.0
Al Horford,BOS,57,9.8,6.2,2.9,0.3,0.1,0.475,0.442,0.626,436,207.0,292.0,129.0,78.0,54.0,37.0,17.0,16.0,4.0,13.0,3.0,114.0,56.0,114.0,50.0,64.0,23.0
Caleb Martin,MIA,64,9.8,4.9,1.7,0.5,0.4,0.462,0.363,0.572,498,230.0,212.0,77.0,157.0,100.0,44.0,15.0,26.0,12.0,59.0,26.0,79.0,25.0,99.0,38.0,34.0,14.0
Josh Hart,POR,68,9.8,8.0,3.8,0.9,0.5,0.521,0.353,0.616,466,243.0,150.0,53.0,229.0,160.0,44.0,17.0,32.0,9.0,11.0,4.0,49.0,12.0,84.0,31.0,17.0,10.0
Onyeka Okongwu,ATL,70,9.7,7.4,1.0,0.4,0.6,0.633,0.333,0.671,436,276.0,12.0,4.0,312.0,215.0,57.0,28.0,20.0,11.0,35.0,18.0,4.0,1.0,7.0,3.0,1.0,0.0
Jalen Suggs,ORL,48,9.7,3.0,2.8,1.1,0.5,0.424,0.324,0.535,389,165.0,182.0,59.0,114.0,68.0,32.0,15.0,33.0,12.0,28.0,11.0,53.0,22.0,64.0,21.0,65.0,16.0
Cam Reddish,NYK,37,9.7,2.1,1.5,0.9,0.5,0.449,0.321,0.567,285,128.0,134.0,43.0,101.0,64.0,31.0,14.0,16.0,7.0,3.0,0.0,48.0,16.0,63.0,18.0,23.0,9.0
Donte DiVincenzo,GSW,64,9.7,4.6,3.4,0.8,0.2,0.436,0.411,0.601,486,212.0,343.0,141.0,88.0,51.0,32.0,14.0,13.0,3.0,10.0,3.0,84.0,35.0,115.0,53.0,144.0,53.0
Jalen McDaniels,CHA,73,9.6,4.5,1.7,0.6,0.5,0.45,0.323,0.552,575,259.0,217.0,70.0,228.0,135.0,70.0,29.0,48.0,21.0,12.0,4.0,68.0,24.0,112.0,29.0,37.0,17.0
Luke Kennard,LAC,52,9.6,2.8,1.5,0.5,0.2,0.494,0.5,0.687,348,172.0,246.0,123.0,28.0,13.0,16.0,9.0,30.0,14.0,28.0,13.0,98.0,50.0,107.0,57.0,41.0,16.0
Jalen Duren,DET,55,9.5,9.3,1.1,0.6,0.5,0.655,0.0,0.663,336,220.0,1.0,0.0,267.0,194.0,49.0,18.0,18.0,8.0,1.0,0.0,1.0,0.0,0.0,0.0,0.0,0.0
Josh Green,DAL,54,9.5,3.2,1.8,0.7,0.4,0.534,0.4,0.643,363,194.0,160.0,64.0,133.0,95.0,40.0,20.0,25.0,12.0,5.0,3.0,54.0,24.0,98.0,39.0,8.0,1.0
Jose Alvarado,NOP,55,9.5,2.3,3.1,0.9,0.5,0.42,0.354,0.539,450,189.0,226.0,80.0,117.0,72.0,70.0,26.0,30.0,10.0,7.0,1.0,62.0,28.0,119.0,39.0,45.0,13.0
Naji Marshall,NOP,71,9.5,3.7,2.6,0.7,0.5,0.438,0.315,0.545,541,237.0,200.0,63.0,175.0,102.0,106.0,42.0,51.0,26.0,9.0,4.0,74.0,24.0,89.0,24.0,37.0,15.0
Precious Achiuwa,TOR,51,9.4,6.2,1.0,0.4,0.6,0.486,0.275,0.553,381,185.0,102.0,28.0,177.0,125.0,65.0,23.0,31.0,8.0,6.0,1.0,30.0,9.0,58.0,15.0,14.0,4.0
Mark Williams,CHA,35,9.4,7.6,0.4,0.4,0.4,0.634,,0.659,213,135.0,0.0,0.0,165.0,118.0,35.0,12.0,9.0,3.0,4.0,2.0,0.0,0.0,0.0,0.0,0.0,0.0
Tari Eason,HOU,73,9.4,5.9,1.1,0.7,0.8,0.456,0.36,0.535,583,266.0,150.0,54.0,332.0,189.0,69.0,16.0,21.0,6.0,11.0,1.0,50.0,15.0,73.0,29.0,27.0,10.0
Chris Boucher,TOR,67,9.3,5.5,0.4,0.2,0.5,0.486,0.315,0.58,465,226.0,162.0,51.0,222.0,139.0,51.0,24.0,18.0,6.0,12.0,6.0,59.0,20.0,79.0,27.0,24.0,4.0
Jalen Smith,IND,56,9.3,5.4,0.9,0.4,0.6,0.463,0.255,0.548,423,196.0,157.0,40.0,179.0,130.0,53.0,17.0,16.0,3.0,18.0,6.0,45.0,12.0,82.0,22.0,30.0,6.0
Walker Kessler,UTA,67,9.3,8.6,1.0,0.3,0.5,0.718,0.5,0.699,379,272.0,2.0,1.0,333.0,253.0,37.0,15.0,1.0,1.0,6.0,2.0,1.0,1.0,1.0,0.0,0.0,0.0
Andrew Nembhard,IND,64,9.2,2.8,4.5,1.2,0.4,0.428,0.317,0.51,551,236.0,221.0,70.0,122.0,81.0,70.0,29.0,93.0,35.0,45.0,21.0,64.0,21.0,87.0,27.0,70.0,22.0
Daniel Gafford,WAS,68,9.2,5.7,1.1,0.5,0.4,0.732,,0.739,347,254.0,0.0,0.0,264.0,214.0,67.0,32.0,10.0,7.0,6.0,1.0,0.0,0.0,0.0,0.0,0.0,0.0
Landry Shamet,PHX,37,9.2,1.8,2.5,0.6,0.4,0.374,0.376,0.536,294,110.0,197.0,74.0,48.0,23.0,8.0,2.0,23.0,6.0,18.0,5.0,75.0,32.0,81.0,29.0,41.0,13.0
Terance Mann,LAC,74,9.2,3.5,2.4,0.6,0.4,0.526,0.394,0.624,500,263.0,188.0,74.0,217.0,153.0,43.0,14.0,32.0,12.0,20.0,10.0,55.0,21.0,100.0,41.0,33.0,12.0
Royce O'Neale,BKN,68,9.1,5.1,3.8,0.8,0.4,0.391,0.388,0.543,540,211.0,381.0,148.0,101.0,47.0,45.0,14.0,9.0,2.0,4.0,0.0,125.0,44.0,146.0,64.0,110.0,40.0
Hamidou Diallo,DET,47,9.1,3.5,0.9,0.5,0.4,0.57,0.211,0.591,309,176.0,19.0,4.0,169.0,121.0,56.0,20.0,38.0,17.0,27.0,14.0,10.0,3.0,5.0,1.0,4.0,0.0
Taurean Prince,MIN,50,9.0,2.4,1.6,0.7,0.3,0.478,0.394,0.609,341,163.0,175.0,69.0,94.0,60.0,36.0,17.0,19.0,12.0,17.0,5.0,68.0,31.0,92.0,34.0,15.0,4.0
Gabe Vincent,MIA,60,9.0,2.2,2.5,0.8,0.3,0.383,0.316,0.513,493,189.0,310.0,98.0,58.0,32.0,50.0,20.0,42.0,19.0,33.0,20.0,91.0,27.0,140.0,50.0,79.0,21.0
Santi Aldama,MEM,64,9.0,4.8,1.3,0.4,0.3,0.463,0.345,0.579,447,207.0,226.0,78.0,143.0,95.0,53.0,26.0,15.0,4.0,10.0,4.0,93.0,36.0,111.0,32.0,22.0,10.0
Jae'Sean Tate,HOU,29,9.0,3.9,2.8,0.6,0.9,0.486,0.317,0.551,210,102.0,41.0,13.0,115.0,63.0,43.0,22.0,9.0,3.0,2.0,1.0,8.0,2.0,22.0,9.0,11.0,2.0
Dennis Smith Jr.,CHA,50,8.9,3.2,4.9,0.9,0.7,0.414,0.212,0.475,425,176.0,104.0,22.0,170.0,105.0,61.0,20.0,42.0,15.0,48.0,14.0,41.0,9.0,49.0,11.0,14.0,2.0
Seth Curry,BKN,53,8.9,1.5,1.5,0.4,0.2,0.454,0.401,0.585,383,174.0,197.0,79.0,29.0,16.0,14.0,7.0,40.0,23.0,103.0,49.0,78.0,29.0,90.0,39.0,29.0,11.0
Deni Avdija,WAS,67,8.8,6.4,2.7,0.8,0.5,0.443,0.29,0.538,488,216.0,193.0,56.0,202.0,130.0,65.0,23.0,21.0,7.0,7.0,0.0,50.0,18.0,81.0,22.0,62.0,16.0
Jordan Nwora,MIL,52,8.8,4.0,1.5,0.8,0.5,0.424,0.402,0.547,384,163.0,179.0,72.0,114.0,61.0,35.0,15.0,29.0,9.0,27.0,6.0,60.0,24.0,78.0,32.0,41.0,16.0
T.J. McConnell,IND,63,8.8,3.1,5.3,1.2,0.2,0.548,0.431,0.594,440,241.0,51.0,22.0,191.0,125.0,99.0,46.0,82.0,39.0,17.0,9.0,20.0,10.0,22.0,10.0,9.0,2.0
AJ Griffin,ATL,65,8.8,2.1,1.0,0.4,0.3,0.471,0.393,0.579,476,224.0,224.0,88.0,68.0,42.0,53.0,32.0,93.0,48.0,38.0,14.0,85.0,38.0,108.0,39.0,31.0,11.0
Ayo Dosunmu,CHI,70,8.8,2.8,2.5,0.7,0.6,0.495,0.308,0.568,511,253.0,169.0,52.0,236.0,157.0,47.0,19.0,34.0,17.0,25.0,8.0,59.0,14.0,91.0,32.0,19.0,6.0
Ochai Agbaji,UTA,51,8.8,2.3,1.3,0.3,0.4,0.425,0.36,0.558,374,159.0,222.0,80.0,85.0,48.0,43.0,21.0,15.0,6.0,9.0,4.0,88.0,33.0,98.0,36.0,36.0,11.0
Dorian Finney-Smith,DAL,58,8.7,4.7,1.5,0.6,0.3,0.399,0.349,0.534,446,178.0,301.0,105.0,115.0,65.0,21.0,6.0,6.0,0.0,3.0,2.0,118.0,36.0,138.0,53.0,45.0,16.0
Cedi Osman,CLE,66,8.7,2.2,1.5,0.3,0.3,0.451,0.382,0.576,461,208.0,267.0,102.0,140.0,91.0,32.0,9.0,15.0,6.0,7.0,0.0,89.0,31.0,116.0,46.0,62.0,25.0
Nick Richards,CHA,58,8.5,6.6,0.6,0.2,0.6,0.629,1.0,0.673,294,185.0,1.0,1.0,254.0,175.0,29.0,5.0,6.0,2.0,4.0,2.0,0.0,0.0,1.0,1.0,0.0,0.0
Grant Williams,BOS,72,8.4,4.6,1.7,0.4,0.3,0.457,0.397,0.607,449,205.0,272.0,108.0,88.0,54.0,60.0,33.0,24.0,9.0,5.0,1.0,93.0,37.0,126.0,54.0,53.0,17.0
Draymond Green,GSW,63,8.4,7.2,6.8,1.6,0.3,0.522,0.314,0.586,414,216.0,118.0,37.0,181.0,124.0,89.0,45.0,17.0,8.0,9.0,2.0,27.0,10.0,67.0,20.0,24.0,7.0
Robert Williams III,BOS,33,8.3,8.5,1.4,0.4,0.3,0.756,0.0,0.752,164,124.0,1.0,0.0,131.0,112.0,24.0,9.0,6.0,3.0,2.0,0.0,0.0,0.0,1.0,0.0,0.0,0.0
Aleksej Pokusevski,OKC,32,8.3,4.9,1.9,0.7,0.3,0.426,0.36,0.513,242,103.0,100.0,36.0,94.0,54.0,26.0,7.0,15.0,4.0,7.0,2.0,28.0,8.0,48.0,19.0,24.0,9.0
Georges Niang,PHI,70,8.3,2.4,1.0,0.3,0.2,0.446,0.406,0.616,451,201.0,345.0,140.0,61.0,40.0,29.0,14.0,14.0,6.0,2.0,1.0,105.0,32.0,143.0,67.0,97.0,41.0
Damion Lee,PHX,66,8.3,3.0,1.3,0.5,0.2,0.444,0.446,0.611,403,179.0,222.0,99.0,62.0,34.0,38.0,15.0,51.0,22.0,30.0,9.0,79.0,32.0,111.0,56.0,32.0,11.0
Kevin Love,CLE,54,8.3,6.5,1.9,0.7,0.1,0.384,0.344,0.549,372,143.0,262.0,90.0,44.0,24.0,31.0,14.0,18.0,8.0,17.0,7.0,78.0,33.0,108.0,34.0,76.0,23.0
Steven Adams,MEM,34,8.3,11.8,2.3,0.8,0.2,0.577,,0.552,213,123.0,0.0,0.0,168.0,103.0,37.0,16.0,8.0,4.0,0.0,0.0,0.0,0.0,0.0,0.0,0.0,0.0
Svi Mykhailiuk,NYK,24,8.3,1.8,2.0,0.6,0.4,0.451,0.437,0.591,153,69.0,87.0,38.0,36.0,22.0,10.0,0.0,9.0,4.0,11.0,5.0,26.0,13.0,52.0,22.0,9.0,3.0
Terrence Ross,ORL,58,8.3,2.5,1.6,0.4,0.3,0.422,0.36,0.534,438,185.0,242.0,87.0,26.0,16.0,24.0,12.0,74.0,29.0,72.0,41.0,81.0,33.0,113.0,41.0,48.0,13.0
Josh Okogie,PHX,57,8.2,3.9,1.6,0.4,0.3,0.385,0.333,0.532,361,139.0,177.0,59.0,114.0,61.0,41.0,11.0,17.0,4.0,12.0,4.0,60.0,19.0,93.0,34.0,24.0,6.0
Gary Harris,ORL,43,8.2,2.1,1.1,0.3,0.3,0.459,0.444,0.631,268,123.0,187.0,83.0,52.0,31.0,13.0,4.0,4.0,0.0,12.0,5.0,64.0,30.0,84.0,40.0,39.0,13.0
Shake Milton,PHI,65,8.2,2.5,3.2,0.6,0.5,0.468,0.374,0.56,434,203.0,123.0,46.0,156.0,94.0,78.0,31.0,56.0,21.0,21.0,11.0,39.0,18.0,55.0,18.0,29.0,10.0
Kenrich Williams,OKC,51,8.1,4.9,2.0,0.3,0.2,0.524,0.374,0.593,332,174.0,131.0,49.0,127.0,89.0,25.0,13.0,27.0,12.0,22.0,11.0,46.0,13.0,63.0,25.0,22.0,11.0
Chris Duarte,IND,40,8.1,2.6,1.4,0.6,0.4,0.379,0.316,0.502,293,111.0,152.0,48.0,68.0,36.0,15.0,9.0,28.0,10.0,30.0,8.0,42.0,18.0,68.0,14.0,42.0,16.0
Jevon Carter,MIL,73,8.1,2.4,2.5,0.5,0.2,0.425,0.427,0.564,510,217.0,307.0,131.0,55.0,25.0,23.0,6.0,41.0,18.0,84.0,37.0,77.0,41.0,134.0,62.0,96.0,28.0
Jarred Vanderbilt,UTA,75,8.0,7.5,2.3,0.6,0.4,0.548,0.31,0.606,434,238.0,87.0,27.0,269.0,180.0,60.0,27.0,16.0,3.0,2.0,1.0,32.0,6.0,54.0,21.0,1.0,0.0
Duane Washington Jr.,PHX,26,7.9,1.2,2.1,0.7,0.5,0.372,0.391,0.474,207,77.0,92.0,36.0,38.0,15.0,25.0,9.0,28.0,10.0,24.0,7.0,28.0,13.0,41.0,15.0,23.0,8.0
Ty Jerome,GSW,37,7.9,2.1,3.3,0.4,0.2,0.502,0.405,0.609,225,113.0,84.0,34.0,48.0,33.0,39.0,20.0,44.0,22.0,10.0,4.0,22.0,6.0,26.0,13.0,36.0,15.0
Trey Lyles,SAC,68,7.9,4.3,1.0,0.5,0.3,0.463,0.369,0.61,391,181.0,233.0,86.0,127.0,83.0,26.0,11.0,3.0,1.0,2.0,0.0,82.0,30.0,131.0,49.0,20.0,7.0
Tre Mann,OKC,65,7.9,2.4,1.8,0.5,0.2,0.392,0.314,0.491,497,195.0,255.0,80.0,95.0,56.0,67.0,24.0,49.0,19.0,31.0,16.0,79.0,31.0,89.0,20.0,87.0,29.0
Devonte' Graham,NOP,67,7.8,1.7,2.7,0.4,0.1,0.384,0.364,0.564,406,156.0,316.0,115.0,32.0,16.0,18.0,8.0,16.0,9.0,24.0,8.0,100.0,35.0,128.0,48.0,88.0,32.0
Isaiah Jackson,IND,49,7.8,4.7,0.9,0.4,0.5,0.557,0.182,0.59,273,152.0,11.0,2.0,201.0,125.0,42.0,17.0,12.0,3.0,7.0,5.0,3.0,1.0,6.0,1.0,2.0,0.0
Joe Harris,BKN,65,7.8,2.4,1.4,0.3,0.3,0.463,0.436,0.631,393,182.0,296.0,129.0,58.0,40.0,15.0,6.0,8.0,0.0,16.0,7.0,100.0,41.0,158.0,76.0,38.0,12.0
Jeff Green,DEN,54,7.8,2.6,1.2,0.3,0.3,0.487,0.29,0.574,316,154.0,100.0,29.0,134.0,90.0,45.0,21.0,23.0,9.0,14.0,5.0,36.0,11.0,48.0,13.0,16.0,5.0
Mitchell Robinson,NYK,50,7.8,10.0,0.9,0.3,0.5,0.667,,0.646,255,170.0,0.0,0.0,247.0,167.0,6.0,2.0,1.0,1.0,1.0,0.0,0.0,0.0,0.0,0.0,0.0,0.0
Luka Garza,MIN,22,7.7,2.5,0.6,0.2,0.3,0.558,0.389,0.675,104,58.0,36.0,14.0,43.0,33.0,16.0,6.0,7.0,5.0,2.0,0.0,14.0,5.0,17.0,8.0,5.0,1.0
Trendon Watford,POR,56,7.7,3.9,2.2,0.6,0.2,0.565,0.417,0.626,306,173.0,60.0,25.0,141.0,91.0,74.0,42.0,27.0,13.0,4.0,2.0,18.0,3.0,25.0,11.0,17.0,11.0
Cory Joseph,DET,52,7.6,1.8,3.8,0.5,0.3,0.438,0.396,0.572,317,139.0,164.0,65.0,48.0,28.0,45.0,19.0,34.0,17.0,26.0,10.0,41.0,16.0,67.0,28.0,56.0,21.0
Pat Connaughton,MIL,54,7.6,4.7,1.3,0.3,0.3,0.392,0.34,0.532,370,145.0,282.0,96.0,68.0,41.0,15.0,5.0,2.0,1.0,3.0,2.0,55.0,16.0,124.0,51.0,103.0,29.0
Romeo Langford,SAS,36,7.5,2.8,1.1,0.3,0.4,0.482,0.241,0.536,228,110.0,54.0,13.0,93.0,60.0,50.0,20.0,24.0,13.0,7.0,4.0,15.0,0.0,32.0,10.0,7.0,3.0
Rodney McGruder,DET,23,7.5,2.8,1.2,0.3,0.3,0.444,0.459,0.605,135,60.0,85.0,39.0,25.0,16.0,16.0,2.0,6.0,3.0,3.0,0.0,37.0,17.0,30.0,11.0,18.0,11.0
T.J. Warren,BKN,34,7.5,3.2,1.1,0.1,0.2,0.475,0.345,0.542,223,106.0,58.0,20.0,50.0,33.0,39.0,16.0,54.0,26.0,22.0,11.0,23.0,11.0,32.0,9.0,3.0,0.0
Johnny Davis,WAS,19,7.5,3.1,1.2,0.6,0.4,0.387,0.242,0.447,150,58.0,62.0,15.0,31.0,22.0,16.0,4.0,24.0,10.0,17.0,7.0,24.0,6.0,21.0,8.0,17.0,1.0
Delon Wright,WAS,42,7.4,3.6,3.9,0.5,0.3,0.479,0.351,0.589,240,115.0,97.0,34.0,72.0,50.0,45.0,17.0,17.0,7.0,9.0,7.0,27.0,8.0,37.0,14.0,33.0,12.0
Eugene Omoruyi,OKC,37,7.4,2.8,0.7,0.3,0.5,0.452,0.299,0.544,219,99.0,87.0,26.0,110.0,70.0,16.0,2.0,3.0,1.0,3.0,0.0,25.0,6.0,49.0,15.0,13.0,5.0
Simone Fontecchio,UTA,42,7.4,1.9,0.9,0.5,0.4,0.371,0.33,0.498,291,108.0,176.0,58.0,46.0,25.0,31.0,9.0,22.0,10.0,16.0,6.0,72.0,29.0,71.0,17.0,33.0,12.0
Willy Hernangomez,NOP,32,7.4,5.2,0.9,0.4,0.6,0.51,0.273,0.6,153,78.0,11.0,3.0,104.0,65.0,31.0,8.0,4.0,2.0,3.0,0.0,2.0,1.0,9.0,2.0,0.0,0.0
Brandon Boston Jr.,LAC,18,7.4,1.4,0.9,0.2,0.6,0.427,0.44,0.528,110,47.0,25.0,11.0,37.0,21.0,15.0,2.0,16.0,7.0,17.0,6.0,8.0,5.0,8.0,4.0,9.0,2.0
Mo Bamba,ORL,44,7.3,5.0,1.0,0.3,0.3,0.487,0.388,0.603,238,116.0,121.0,47.0,93.0,61.0,8.0,2.0,9.0,4.0,7.0,2.0,41.0,17.0,55.0,22.0,25.0,8.0
Larry Nance Jr.,NOP,58,7.3,5.8,1.9,0.3,0.2,0.616,0.333,0.653,294,181.0,42.0,14.0,176.0,129.0,45.0,26.0,21.0,9.0,10.0,3.0,10.0,3.0,29.0,11.0,3.0,0.0
Torrey Craig,PHX,71,7.3,5.5,1.5,0.5,0.3,0.45,0.385,0.557,449,202.0,226.0,87.0,140.0,89.0,38.0,13.0,30.0,8.0,15.0,5.0,84.0,33.0,114.0,45.0,28.0,9.0
Kevin Knox II,DET,51,7.3,3.0,0.6,0.5,0.2,0.461,0.363,0.587,295,136.0,168.0,61.0,81.0,54.0,13.0,5.0,21.0,12.0,12.0,4.0,53.0,21.0,82.0,33.0,33.0,7.0
Troy Brown Jr.,LAL,65,7.3,4.2,1.3,0.3,0.4,0.451,0.408,0.585,395,178.0,238.0,97.0,106.0,66.0,20.0,3.0,14.0,5.0,17.0,7.0,85.0,29.0,104.0,42.0,49.0,26.0
Kendrick Nunn,LAL,57,7.2,1.6,1.4,0.6,0.4,0.42,0.358,0.524,379,159.0,190.0,68.0,70.0,42.0,39.0,14.0,49.0,23.0,31.0,12.0,55.0,18.0,78.0,32.0,57.0,18.0
Xavier Tillman,MEM,50,7.2,5.3,1.6,0.4,0.5,0.613,0.182,0.616,261,160.0,11.0,2.0,158.0,113.0,54.0,30.0,34.0,14.0,4.0,1.0,2.0,1.0,6.0,1.0,3.0,0.0
Saben Lee,PHX,18,7.2,2.3,3.3,0.8,0.7,0.376,0.407,0.493,109,41.0,27.0,11.0,60.0,24.0,14.0,3.0,3.0,2.0,5.0,1.0,10.0,3.0,16.0,8.0,1.0,0.0
Aaron Wiggins,OKC,63,7.2,3.2,1.1,0.5,0.5,0.512,0.386,0.606,344,176.0,114.0,44.0,173.0,112.0,50.0,17.0,6.0,3.0,1.0,0.0,35.0,14.0,59.0,23.0,20.0,7.0
Obi Toppin,NYK,59,7.1,2.8,0.8,0.3,0.3,0.434,0.335,0.551,362,157.0,212.0,71.0,115.0,78.0,25.0,6.0,8.0,1.0,2.0,1.0,71.0,24.0,108.0,38.0,33.0,9.0
Sam Hauser,BOS,70,7.1,2.8,1.0,0.3,0.1,0.463,0.428,0.647,376,174.0,318.0,136.0,41.0,33.0,6.0,1.0,6.0,3.0,5.0,1.0,111.0,43.0,129.0,62.0,78.0,31.0
Kevon Looney,GSW,70,7.0,9.7,2.5,0.3,0.3,0.637,0.0,0.643,322,205.0,1.0,0.0,230.0,164.0,65.0,31.0,15.0,5.0,11.0,5.0,0.0,0.0,0.0,0.0,1.0,0.0
Dwight Powell,DAL,63,7.0,4.4,1.0,0.2,0.3,0.722,0.0,0.731,237,171.0,5.0,0.0,214.0,163.0,13.0,6.0,2.0,1.0,3.0,1.0,2.0,0.0,2.0,0.0,1.0,0.0
Will Barton,WAS,48,7.0,2.5,2.2,0.5,0.5,0.376,0.38,0.493,322,121.0,158.0,60.0,61.0,30.0,40.0,10.0,33.0,10.0,30.0,11.0,44.0,19.0,63.0,28.0,51.0,13.0
Jeremiah Robinson-Earl,OKC,40,7.0,4.3,1.1,0.2,0.3,0.435,0.339,0.542,239,104.0,109.0,37.0,112.0,61.0,5.0,2.0,4.0,2.0,9.0,2.0,44.0,20.0,57.0,14.0,8.0,3.0
Theo Maledon,CHA,39,7.0,2.9,3.7,0.8,0.4,0.393,0.304,0.507,239,94.0,92.0,28.0,69.0,39.0,44.0,11.0,29.0,13.0,5.0,3.0,19.0,13.0,38.0,7.0,35.0,8.0
Joe Ingles,MIL,42,7.0,2.9,3.3,0.8,0.1,0.436,0.414,0.62,227,99.0,186.0,77.0,25.0,15.0,10.0,5.0,2.0,1.0,4.0,1.0,52.0,21.0,76.0,35.0,58.0,21.0
Jae Crowder,MIL,17,6.9,3.8,1.5,0.1,0.1,0.489,0.449,0.633,88,43.0,49.0,22.0,11.0,9.0,10.0,6.0,13.0,4.0,5.0,2.0,17.0,7.0,20.0,10.0,12.0,5.0
R.J. Hampton,ORL,38,6.9,2.0,1.3,0.4,0.3,0.433,0.367,0.555,208,90.0,98.0,36.0,49.0,30.0,30.0,11.0,23.0,12.0,8.0,1.0,24.0,11.0,49.0,19.0,25.0,6.0
Edmond Sumner,BKN,44,6.9,1.5,1.4,0.5,0.5,0.445,0.347,0.575,229,102.0,75.0,26.0,102.0,60.0,30.0,6.0,12.0,4.0,10.0,6.0,30.0,16.0,38.0,8.0,7.0,2.0
Terence Davis,SAC,59,6.9,2.3,1.1,0.5,0.2,0.425,0.364,0.564,341,145.0,228.0,83.0,77.0,46.0,15.0,8.0,7.0,2.0,14.0,6.0,96.0,36.0,102.0,36.0,30.0,11.0
JaMychal Green,GSW,46,6.9,3.8,1.0,0.4,0.3,0.534,0.394,0.649,219,117.0,99.0,39.0,94.0,67.0,15.0,8.0,4.0,1.0,7.0,2.0,28.0,12.0,55.0,23.0,16.0,4.0
Drew Eubanks,POR,70,6.8,5.6,1.3,0.4,0.1,0.631,0.389,0.657,312,197.0,18.0,7.0,181.0,131.0,71.0,39.0,36.0,18.0,6.0,2.0,8.0,5.0,6.0,2.0,4.0,0.0
Isaiah Livers,DET,44,6.8,2.9,0.8,0.4,0.2,0.42,0.368,0.565,250,105.0,174.0,64.0,28.0,21.0,11.0,3.0,15.0,5.0,22.0,12.0,68.0,26.0,71.0,29.0,35.0,9.0
Reggie Bullock,DAL,70,6.8,3.7,1.4,0.2,0.1,0.388,0.362,0.551,415,161.0,351.0,127.0,38.0,25.0,7.0,2.0,8.0,4.0,11.0,3.0,140.0,50.0,174.0,66.0,37.0,11.0
Mike Muscala,OKC,55,6.8,3.6,0.9,0.1,0.2,0.451,0.393,0.609,284,128.0,201.0,79.0,36.0,26.0,12.0,6.0,20.0,9.0,15.0,8.0,56.0,25.0,88.0,31.0,57.0,23.0
Charles Bassey,SAS,29,6.7,6.4,1.6,0.6,0.1,0.651,0.375,0.664,129,84.0,8.0,3.0,84.0,60.0,20.0,13.0,12.0,5.0,5.0,3.0,3.0,1.0,5.0,2.0,0.0,0.0
Jordan Goodwin,WAS,52,6.7,3.4,2.8,0.7,0.5,0.438,0.327,0.521,308,135.0,104.0,34.0,83.0,53.0,48.0,17.0,42.0,19.0,31.0,12.0,37.0,16.0,36.0,9.0,31.0,9.0
Jock Landale,PHX,60,6.7,4.1,1.0,0.4,0.3,0.517,0.25,0.585,302,156.0,76.0,19.0,144.0,101.0,55.0,26.0,19.0,6.0,8.0,4.0,27.0,9.0,28.0,7.0,21.0,3.0
Nassir Little,POR,51,6.7,2.6,1.0,0.4,0.4,0.439,0.375,0.556,287,126.0,152.0,57.0,70.0,44.0,19.0,4.0,17.0,6.0,29.0,15.0,50.0,19.0,63.0,30.0,39.0,8.0
Justise Winslow,POR,27,6.7,5.0,3.4,0.8,0.4,0.419,0.317,0.469,186,78.0,41.0,13.0,82.0,46.0,31.0,8.0,24.0,9.0,8.0,2.0,16.0,8.0,21.0,5.0,4.0,0.0
David Roddy,MEM,58,6.6,2.8,0.9,0.4,0.3,0.426,0.286,0.508,359,153.0,182.0,52.0,123.0,82.0,35.0,11.0,13.0,7.0,6.0,1.0,67.0,17.0,86.0,28.0,29.0,7.0
Duncan Robinson,MIA,37,6.6,1.8,1.2,0.4,0.1,0.364,0.318,0.525,220,80.0,179.0,57.0,14.0,11.0,15.0,6.0,6.0,4.0,6.0,2.0,53.0,17.0,71.0,25.0,55.0,15.0
Nickeil Alexander-Walker,UTA,48,6.6,2.0,2.0,0.5,0.2,0.451,0.38,0.571,255,115.0,137.0,52.0,56.0,34.0,30.0,13.0,13.0,5.0,19.0,11.0,54.0,21.0,66.0,25.0,17.0,6.0
Andre Drummond,CHI,54,6.6,7.1,0.6,0.4,0.4,0.628,0.0,0.629,234,147.0,2.0,0.0,202.0,134.0,29.0,13.0,1.0,0.0,0.0,0.0,0.0,0.0,2.0,0.0,0.0,0.0
Anthony Lamb,GSW,54,6.6,3.5,1.6,0.5,0.2,0.461,0.36,0.594,280,129.0,178.0,64.0,62.0,48.0,30.0,14.0,5.0,0.0,5.0,3.0,49.0,18.0,89.0,33.0,40.0,13.0
Patty Mills,BKN,31,6.6,1.1,1.5,0.3,0.2,0.426,0.387,0.579,169,72.0,111.0,43.0,16.0,10.0,6.0,4.0,9.0,3.0,27.0,12.0,40.0,13.0,53.0,23.0,18.0,7.0
Ziaire Williams,MEM,28,6.5,2.4,1.0,0.7,0.1,0.433,0.274,0.524,164,71.0,84.0,23.0,43.0,32.0,12.0,6.0,17.0,8.0,8.0,2.0,33.0,12.0,41.0,9.0,10.0,2.0
Dario Saric,PHX,51,6.5,3.9,1.4,0.5,0.4,0.459,0.396,0.584,255,117.0,106.0,42.0,75.0,54.0,43.0,14.0,16.0,5.0,15.0,2.0,42.0,15.0,45.0,22.0,19.0,5.0
Goran Dragic,CHI,54,6.4,1.4,2.6,0.5,0.3,0.416,0.348,0.507,320,133.0,138.0,48.0,71.0,39.0,27.0,12.0,58.0,20.0,26.0,14.0,51.0,15.0,53.0,21.0,34.0,12.0
Ben Simmons,BKN,36,6.4,6.4,6.1,0.9,0.3,0.549,0.0,0.538,193,106.0,2.0,0.0,103.0,68.0,65.0,28.0,22.0,10.0,1.0,0.0,0.0,0.0,0.0,0.0,2.0,0.0
Sandro Mamukelashvili,MIL,37,6.3,4.5,1.4,0.3,0.3,0.412,0.311,0.511,204,84.0,90.0,28.0,82.0,47.0,20.0,7.0,10.0,2.0,2.0,0.0,27.0,6.0,39.0,15.0,24.0,7.0
Isaac Okoro,CLE,63,6.3,2.5,1.1,0.2,0.2,0.478,0.333,0.598,293,140.0,144.0,48.0,122.0,80.0,24.0,11.0,3.0,1.0,0.0,0.0,62.0,20.0,81.0,28.0,1.0,0.0
Vlatko Cancar,DEN,44,6.3,2.6,1.5,0.5,0.2,0.485,0.394,0.623,204,99.0,104.0,41.0,66.0,45.0,25.0,10.0,8.0,2.0,1.0,1.0,18.0,11.0,62.0,26.0,24.0,4.0
Evan Fournier,NYK,25,6.3,1.8,1.4,0.5,0.2,0.338,0.306,0.472,157,53.0,108.0,33.0,14.0,6.0,10.0,5.0,18.0,7.0,7.0,2.0,36.0,15.0,49.0,12.0,23.0,6.0
Payton Pritchard,BOS,42,6.2,2.0,1.5,0.6,0.2,0.416,0.374,0.544,233,97.0,147.0,55.0,49.0,28.0,14.0,4.0,10.0,5.0,13.0,5.0,41.0,15.0,43.0,21.0,63.0,19.0
Darius Bazley,OKC,36,6.2,3.8,1.0,0.4,0.7,0.451,0.377,0.522,182,82.0,53.0,20.0,101.0,54.0,13.0,4.0,11.0,4.0,4.0,0.0,16.0,7.0,30.0,11.0,7.0,2.0
Oshae Brissett,IND,53,6.2,3.3,0.7,0.2,0.3,0.385,0.307,0.514,265,102.0,127.0,39.0,115.0,56.0,15.0,5.0,4.0,2.0,4.0,0.0,47.0,12.0,54.0,15.0,26.0,12.0
Kenneth Lofton Jr.,MEM,18,6.2,2.5,1.0,0.3,0.2,0.549,0.429,0.6,82,45.0,14.0,6.0,45.0,33.0,4.0,2.0,10.0,2.0,9.0,2.0,3.0,1.0,7.0,3.0,4.0,2.0
James Bouknight,CHA,29,6.2,2.4,1.4,0.6,0.4,0.359,0.307,0.464,181,65.0,101.0,31.0,40.0,22.0,18.0,4.0,14.0,4.0,8.0,4.0,19.0,7.0,42.0,12.0,40.0,12.0
Patrick Beverley,LAL,58,6.1,3.5,2.9,0.5,0.1,0.386,0.326,0.515,319,123.0,215.0,70.0,52.0,27.0,38.0,18.0,10.0,5.0,4.0,3.0,68.0,31.0,95.0,28.0,52.0,11.0
Jaylin Williams,OKC,44,6.1,5.2,1.6,0.2,0.4,0.432,0.411,0.555,220,95.0,107.0,44.0,49.0,28.0,25.0,6.0,24.0,7.0,15.0,10.0,39.0,15.0,49.0,19.0,19.0,10.0
Nicolas Batum,LAC,72,6.1,3.8,1.6,0.4,0.1,0.421,0.391,0.594,347,146.0,289.0,113.0,44.0,28.0,2.0,2.0,6.0,2.0,6.0,1.0,108.0,49.0,137.0,55.0,44.0,9.0
Stanley Johnson,SAS,26,6.1,3.3,2.1,0.8,0.3,0.541,0.459,0.639,109,59.0,37.0,17.0,39.0,27.0,20.0,9.0,10.0,4.0,3.0,2.0,18.0,8.0,12.0,8.0,7.0,1.0
Jalen Johnson,ATL,60,6.1,4.3,1.2,0.3,0.4,0.482,0.273,0.539,309,149.0,99.0,27.0,145.0,96.0,35.0,15.0,15.0,7.0,15.0,4.0,27.0,9.0,57.0,15.0,15.0,3.0
Josh Christopher,HOU,54,6.1,1.2,1.2,0.7,0.3,0.456,0.247,0.516,294,134.0,81.0,20.0,91.0,60.0,49.0,22.0,62.0,29.0,11.0,3.0,21.0,7.0,33.0,8.0,27.0,5.0
Wenyen Gabriel,LAL,56,6.0,4.6,0.6,0.3,0.3,0.614,0.276,0.638,233,143.0,29.0,8.0,165.0,112.0,32.0,21.0,5.0,1.0,2.0,1.0,8.0,1.0,18.0,7.0,3.0,0.0
Robert Covington,LAC,42,6.0,3.6,1.1,0.4,0.2,0.433,0.374,0.562,210,91.0,123.0,46.0,63.0,41.0,15.0,3.0,6.0,0.0,3.0,1.0,50.0,21.0,46.0,18.0,27.0,7.0
Montrezl Harrell,PHI,47,6.0,3.0,0.6,0.3,0.3,0.608,0.0,0.639,181,110.0,4.0,0.0,138.0,92.0,26.0,15.0,11.0,3.0,2.0,0.0,1.0,0.0,0.0,0.0,3.0,0.0
Alex Caruso,CHI,57,5.9,3.1,3.1,0.9,0.2,0.448,0.358,0.584,259,116.0,137.0,49.0,85.0,58.0,19.0,1.0,11.0,5.0,7.0,3.0,48.0,16.0,73.0,30.0,16.0,3.0
Maxi Kleber,DAL,34,5.9,3.6,1.5,0.3,0.1,0.449,0.337,0.585,156,70.0,104.0,35.0,40.0,28.0,3.0,2.0,4.0,3.0,5.0,2.0,36.0,12.0,44.0,13.0,24.0,10.0
Day'Ron Sharpe,BKN,34,5.9,5.0,0.8,0.4,0.4,0.555,0.6,0.598,146,81.0,10.0,6.0,116.0,71.0,17.0,3.0,3.0,1.0,0.0,0.0,5.0,4.0,5.0,2.0,0.0,0.0
Christian Braun,DEN,59,5.8,2.9,1.0,0.2,0.4,0.495,0.374,0.569,273,135.0,91.0,34.0,129.0,84.0,31.0,12.0,10.0,3.0,12.0,2.0,27.0,12.0,47.0,18.0,17.0,4.0
Zeke Nnaji,DEN,42,5.8,3.0,0.4,0.2,0.3,0.568,0.278,0.626,169,96.0,54.0,15.0,107.0,78.0,6.0,2.0,0.0,0.0,2.0,1.0,20.0,7.0,23.0,6.0,11.0,2.0
George Hill,MIL,37,5.8,2.2,2.9,0.4,0.2,0.468,0.352,0.604,154,72.0,88.0,31.0,38.0,27.0,8.0,1.0,10.0,7.0,10.0,6.0,22.0,8.0,42.0,16.0,24.0,7.0
McKinley Wright IV,DAL,18,5.8,2.3,2.7,0.5,0.3,0.472,0.36,0.549,89,42.0,25.0,9.0,26.0,18.0,18.0,9.0,14.0,5.0,6.0,1.0,6.0,2.0,14.0,5.0,5.0,2.0
Lamar Stevens,CLE,50,5.8,3.6,0.5,0.3,0.5,0.454,0.325,0.531,249,113.0,80.0,26.0,104.0,62.0,20.0,7.0,37.0,16.0,8.0,2.0,36.0,15.0,39.0,9.0,5.0,2.0
MarJon Beauchamp,MIL,43,5.8,2.5,0.8,0.3,0.3,0.404,0.339,0.522,223,90.0,127.0,43.0,60.0,36.0,9.0,2.0,11.0,5.0,16.0,4.0,33.0,13.0,65.0,20.0,29.0,10.0
Yuta Watanabe,BKN,48,5.7,2.4,0.9,0.1,0.2,0.505,0.45,0.644,196,99.0,111.0,50.0,54.0,37.0,19.0,7.0,3.0,1.0,9.0,4.0,36.0,14.0,58.0,33.0,17.0,3.0
Derrick Jones Jr.,CHI,51,5.7,2.7,0.6,0.2,0.4,0.502,0.329,0.6,207,104.0,73.0,24.0,118.0,75.0,13.0,4.0,3.0,1.0,0.0,0.0,24.0,7.0,42.0,15.0,7.0,2.0
Bryce McGowens,CHA,40,5.6,2.2,1.2,0.5,0.5,0.386,0.333,0.505,189,73.0,75.0,25.0,73.0,38.0,23.0,8.0,12.0,2.0,6.0,0.0,28.0,11.0,29.0,8.0,18.0,6.0
Ricky Rubio,CLE,28,5.6,2.1,3.3,0.5,0.4,0.392,0.299,0.501,143,56.0,67.0,20.0,30.0,11.0,5.0,1.0,35.0,21.0,6.0,3.0,22.0,7.0,35.0,11.0,10.0,2.0
Moses Brown,LAC,27,5.6,5.1,0.1,0.2,0.4,0.628,,0.601,94,59.0,0.0,0.0,85.0,55.0,8.0,4.0,1.0,0.0,0.0,0.0,0.0,0.0,0.0,0.0,0.0,0.0
Davion Mitchell,SAC,74,5.5,1.2,2.3,0.5,0.1,0.451,0.315,0.54,366,165.0,181.0,57.0,102.0,69.0,22.0,11.0,17.0,5.0,44.0,23.0,86.0,21.0,75.0,29.0,20.0,7.0
Jaxson Hayes,NOP,39,5.5,3.1,0.8,0.4,0.2,0.559,0.077,0.605,143,80.0,26.0,2.0,83.0,61.0,32.0,15.0,2.0,2.0,0.0,0.0,10.0,0.0,12.0,1.0,4.0,1.0
Rudy Gay,UTA,51,5.5,3.0,1.0,0.3,0.0,0.379,0.264,0.476,272,103.0,121.0,32.0,41.0,25.0,33.0,16.0,45.0,16.0,32.0,14.0,47.0,8.0,57.0,16.0,17.0,8.0
Admiral Schofield,ORL,27,5.4,2.1,1.1,0.4,0.2,0.444,0.304,0.574,117,52.0,69.0,21.0,37.0,26.0,10.0,5.0,1.0,0.0,0.0,0.0,24.0,6.0,35.0,11.0,10.0,4.0
Kira Lewis Jr.,NOP,21,5.4,1.6,1.1,0.4,0.5,0.455,0.441,0.584,88,40.0,34.0,15.0,29.0,15.0,10.0,3.0,7.0,2.0,8.0,5.0,7.0,4.0,17.0,6.0,10.0,5.0
Nathan Knight,MIN,21,5.4,2.4,0.5,0.6,0.2,0.561,0.389,0.649,66,37.0,18.0,7.0,40.0,28.0,7.0,2.0,1.0,0.0,0.0,0.0,10.0,4.0,5.0,2.0,3.0,1.0
Javonte Green,CHI,27,5.4,3.0,0.8,0.3,0.3,0.546,0.355,0.63,97,53.0,31.0,11.0,53.0,38.0,12.0,4.0,0.0,0.0,1.0,0.0,11.0,4.0,16.0,5.0,4.0,2.0
Lindy Waters III,OKC,37,5.4,1.9,0.7,0.1,0.1,0.395,0.365,0.58,162,64.0,148.0,54.0,10.0,7.0,2.0,1.0,0.0,0.0,2.0,2.0,50.0,24.0,67.0,22.0,31.0,8.0
DeAndre Jordan,DEN,34,5.3,5.5,0.9,0.4,0.2,0.752,1.0,0.719,105,79.0,1.0,1.0,96.0,76.0,6.0,1.0,1.0,1.0,1.0,0.0,0.0,0.0,0.0,0.0,1.0,1.0
Patrick Baldwin Jr.,GSW,23,5.3,1.7,0.5,0.2,0.1,0.398,0.386,0.551,108,43.0,83.0,32.0,12.0,9.0,5.0,1.0,5.0,0.0,3.0,1.0,26.0,9.0,35.0,13.0,22.0,10.0
TyTy Washington Jr.,HOU,27,5.3,1.6,1.7,0.3,0.1,0.388,0.268,0.461,147,57.0,71.0,19.0,12.0,7.0,29.0,14.0,28.0,14.0,7.0,3.0,20.0,4.0,32.0,12.0,19.0,3.0
Derrick Rose,NYK,24,5.3,1.4,1.5,0.4,0.5,0.359,0.268,0.43,142,51.0,56.0,15.0,39.0,18.0,22.0,9.0,14.0,7.0,11.0,2.0,20.0,7.0,25.0,7.0,11.0,1.0
Moses Moody,GSW,48,5.3,1.8,0.9,0.3,0.1,0.484,0.368,0.619,186,90.0,117.0,43.0,47.0,36.0,11.0,5.0,6.0,3.0,5.0,3.0,30.0,9.0,53.0,20.0,34.0,14.0
Dean Wade,CLE,35,5.3,3.5,0.8,0.3,0.1,0.436,0.366,0.584,149,65.0,112.0,41.0,27.0,22.0,2.0,0.0,8.0,2.0,0.0,0.0,39.0,13.0,62.0,25.0,11.0,3.0
Udoka Azubuike,UTA,23,5.3,5.0,0.4,0.2,0.1,0.814,,0.768,70,57.0,0.0,0.0,57.0,51.0,13.0,6.0,0.0,0.0,0.0,0.0,0.0,0.0,0.0,0.0,0.0,0.0
Luke Kornet,BOS,48,5.2,3.9,1.1,0.2,0.1,0.665,0.231,0.696,164,109.0,13.0,3.0,127.0,94.0,14.0,9.0,10.0,3.0,0.0,0.0,5.0,1.0,7.0,2.0,1.0,0.0
Blake Griffin,BOS,33,5.2,4.6,1.8,0.2,0.2,0.488,0.354,0.594,129,63.0,65.0,23.0,54.0,36.0,9.0,4.0,1.0,0.0,0.0,0.0,21.0,6.0,28.0,9.0,16.0,8.0
Ousmane Dieng,OKC,35,5.1,2.8,1.3,0.5,0.2,0.409,0.258,0.491,171,70.0,93.0,24.0,49.0,35.0,18.0,8.0,5.0,1.0,6.0,2.0,34.0,12.0,41.0,11.0,18.0,1.0
Dalano Banton,TOR,27,5.1,1.6,1.3,0.4,0.2,0.421,0.28,0.502,126,53.0,50.0,14.0,44.0,33.0,14.0,4.0,9.0,1.0,9.0,1.0,8.0,5.0,22.0,4.0,20.0,5.0
Keon Johnson,POR,34,5.1,1.2,1.5,0.6,0.2,0.372,0.351,0.481,164,61.0,77.0,27.0,38.0,23.0,22.0,4.0,13.0,4.0,14.0,3.0,26.0,9.0,37.0,11.0,14.0,7.0
AJ Green,MIL,23,5.1,1.6,0.9,0.2,0.0,0.404,0.402,0.581,99,40.0,82.0,33.0,6.0,3.0,1.0,0.0,4.0,2.0,6.0,2.0,22.0,7.0,29.0,14.0,31.0,12.0
Matisse Thybulle,PHI,53,5.1,2.6,0.9,0.2,0.1,0.427,0.364,0.55,232,99.0,140.0,51.0,72.0,43.0,18.0,4.0,2.0,1.0,0.0,0.0,56.0,19.0,65.0,24.0,19.0,8.0
Davis Bertans,DAL,35,5.1,1.3,0.5,0.2,0.1,0.441,0.403,0.633,136,60.0,119.0,48.0,14.0,9.0,1.0,1.0,1.0,1.0,1.0,1.0,39.0,16.0,41.0,18.0,39.0,14.0
Dewayne Dedmon,MIA,33,5.1,3.7,0.6,0.2,0.5,0.5,0.314,0.566,130,65.0,35.0,11.0,60.0,37.0,24.0,12.0,9.0,4.0,2.0,1.0,14.0,5.0,12.0,5.0,9.0,1.0
Chimezie Metu,SAC,55,5.1,3.3,0.7,0.2,0.2,0.578,0.25,0.634,192,111.0,36.0,9.0,108.0,83.0,30.0,14.0,14.0,3.0,4.0,2.0,19.0,5.0,12.0,3.0,5.0,1.0
Garrison Mathews,HOU,46,5.0,1.5,0.5,0.2,0.0,0.361,0.348,0.573,180,65.0,161.0,56.0,12.0,6.0,4.0,1.0,1.0,0.0,2.0,2.0,41.0,17.0,64.0,28.0,56.0,11.0
Paul Reed,PHI,48,5.0,4.6,0.4,0.3,0.3,0.574,0.0,0.605,176,101.0,4.0,0.0,129.0,85.0,24.0,9.0,13.0,4.0,6.0,3.0,0.0,0.0,3.0,0.0,1.0,0.0
Isaiah Hartenstein,NYK,73,5.0,6.6,1.2,0.3,0.2,0.536,0.212,0.568,295,158.0,33.0,7.0,181.0,109.0,41.0,27.0,39.0,15.0,1.0,0.0,9.0,2.0,23.0,5.0,1.0,0.0
Goga Bitadze,IND,31,5.0,4.3,1.3,0.4,0.4,0.546,0.208,0.573,119,65.0,24.0,5.0,72.0,53.0,20.0,7.0,2.0,0.0,1.0,0.0,9.0,2.0,7.0,1.0,8.0,2.0
John Konchar,MEM,58,5.0,4.4,1.4,0.4,0.2,0.418,0.329,0.522,268,112.0,146.0,48.0,92.0,58.0,17.0,2.0,8.0,3.0,5.0,1.0,49.0,15.0,89.0,31.0,8.0,2.0
Austin Rivers,MIN,42,5.0,1.7,1.6,0.3,0.3,0.419,0.33,0.544,179,75.0,106.0,35.0,52.0,30.0,17.0,9.0,4.0,1.0,0.0,0.0,34.0,11.0,68.0,24.0,4.0,0.0
Haywood Highsmith,MIA,43,5.0,3.9,0.9,0.6,0.2,0.441,0.34,0.526,195,86.0,94.0,32.0,58.0,39.0,19.0,8.0,16.0,4.0,8.0,3.0,37.0,12.0,40.0,15.0,17.0,5.0
Malachi Flynn,TOR,42,5.0,1.5,1.5,0.3,0.2,0.369,0.373,0.492,203,75.0,110.0,41.0,36.0,19.0,14.0,2.0,22.0,10.0,21.0,3.0,37.0,14.0,41.0,17.0,32.0,10.0
Amir Coffey,LAC,33,5.0,1.5,1.5,0.3,0.4,0.384,0.27,0.496,138,53.0,37.0,10.0,42.0,24.0,26.0,8.0,23.0,8.0,10.0,3.0,14.0,6.0,16.0,4.0,7.0,0.0
Blake Wesley,SAS,34,4.9,2.1,2.5,1.1,0.7,0.31,0.354,0.383,197,61.0,48.0,17.0,72.0,29.0,25.0,4.0,25.0,6.0,27.0,5.0,8.0,4.0,28.0,10.0,12.0,3.0
Danuel House Jr.,PHI,45,4.9,1.7,0.8,0.2,0.1,0.466,0.358,0.599,163,76.0,95.0,34.0,47.0,32.0,10.0,4.0,4.0,4.0,7.0,2.0,32.0,13.0,50.0,15.0,13.0,6.0
Bismack Biyombo,PHX,49,4.9,4.9,1.0,0.3,0.2,0.599,,0.577,182,109.0,0.0,0.0,108.0,80.0,53.0,21.0,21.0,8.0,0.0,0.0,0.0,0.0,0.0,0.0,0.0,0.0
Damian Jones,LAL,24,4.8,4.2,0.5,0.2,0.3,0.653,0.588,0.723,72,47.0,17.0,10.0,50.0,35.0,4.0,2.0,1.0,0.0,0.0,0.0,6.0,4.0,9.0,6.0,2.0,0.0
JaVale McGee,DAL,34,4.8,2.7,0.2,0.4,0.2,0.639,0.4,0.651,108,69.0,5.0,2.0,71.0,53.0,29.0,13.0,3.0,1.0,0.0,0.0,4.0,2.0,1.0,0.0,0.0,0.0
Aaron Holiday,ATL,49,4.7,1.4,1.6,0.4,0.3,0.428,0.41,0.534,201,86.0,78.0,32.0,53.0,29.0,27.0,7.0,26.0,9.0,17.0,9.0,25.0,10.0,36.0,14.0,17.0,8.0
Matt Ryan,MIN,23,4.7,0.8,0.5,0.1,0.2,0.398,0.392,0.567,93,37.0,74.0,29.0,6.0,4.0,3.0,1.0,1.0,0.0,9.0,3.0,23.0,6.0,41.0,20.0,10.0,3.0
Boban Marjanovic,HOU,20,4.7,2.6,0.4,0.5,0.1,0.725,,0.745,51,37.0,0.0,0.0,29.0,23.0,16.0,10.0,6.0,4.0,0.0,0.0,0.0,0.0,0.0,0.0,0.0,0.0
Gary Payton II,POR,18,4.7,3.6,1.3,0.3,0.1,0.567,0.435,0.666,60,34.0,23.0,10.0,30.0,21.0,5.0,3.0,2.0,0.0,0.0,0.0,4.0,0.0,17.0,9.0,2.0,1.0
Ish Wainright,PHX,47,4.7,2.5,1.0,0.1,0.1,0.37,0.327,0.522,200,74.0,153.0,50.0,36.0,20.0,8.0,3.0,3.0,1.0,0.0,0.0,41.0,10.0,88.0,32.0,24.0,8.0
Thaddeus Young,TOR,46,4.7,3.4,1.4,0.7,0.2,0.544,0.161,0.573,182,99.0,31.0,5.0,79.0,58.0,58.0,29.0,10.0,5.0,4.0,2.0,3.0,0.0,25.0,5.0,3.0,0.0
Anthony Gill,WAS,37,4.6,2.5,0.8,0.2,0.2,0.538,0.111,0.594,119,64.0,27.0,3.0,60.0,46.0,24.0,12.0,7.0,3.0,1.0,0.0,12.0,2.0,12.0,0.0,3.0,1.0
Kevon Harris,ORL,28,4.6,2.3,0.6,0.4,0.3,0.43,0.35,0.553,100,43.0,40.0,14.0,47.0,26.0,9.0,3.0,1.0,0.0,3.0,0.0,15.0,6.0,12.0,4.0,13.0,4.0
Chuma Okeke,ORL,24,4.5,3.6,1.4,0.3,0.2,0.339,0.282,0.46,112,38.0,78.0,22.0,23.0,14.0,2.0,0.0,5.0,1.0,4.0,1.0,29.0,7.0,40.0,11.0,9.0,4.0
Isaiah Roby,SAS,33,4.5,3.0,1.1,0.5,0.2,0.43,0.294,0.498,135,58.0,51.0,15.0,45.0,28.0,26.0,11.0,6.0,2.0,7.0,2.0,17.0,6.0,21.0,4.0,13.0,5.0
Johnny Juzang,UTA,17,4.5,2.2,0.5,0.1,0.1,0.32,0.211,0.385,97,31.0,57.0,12.0,8.0,7.0,14.0,6.0,9.0,2.0,9.0,4.0,22.0,7.0,28.0,5.0,7.0,0.0
Daishen Nix,HOU,46,4.5,1.9,2.5,1.2,0.3,0.344,0.278,0.443,218,75.0,126.0,35.0,61.0,33.0,23.0,5.0,3.0,1.0,5.0,1.0,37.0,11.0,62.0,20.0,27.0,4.0
Dominick Barlow,SAS,23,4.4,4.0,0.9,0.3,0.3,0.545,0.0,0.58,77,42.0,4.0,0.0,56.0,36.0,4.0,1.0,10.0,3.0,3.0,2.0,1.0,0.0,3.0,0.0,0.0,0.0
Justin Holiday,ATL,41,4.4,1.2,0.9,0.3,0.2,0.38,0.318,0.499,179,68.0,129.0,41.0,25.0,19.0,1.0,0.0,7.0,1.0,17.0,7.0,44.0,12.0,76.0,27.0,9.0,2.0
Jabari Walker,POR,44,4.4,2.7,0.7,0.3,0.3,0.412,0.308,0.495,177,73.0,52.0,16.0,84.0,45.0,18.0,1.0,12.0,6.0,11.0,5.0,19.0,7.0,23.0,7.0,10.0,2.0
Jericho Sims,NYK,36,4.4,6.1,0.6,0.2,0.2,0.781,0.0,0.783,96,75.0,1.0,0.0,84.0,70.0,6.0,3.0,5.0,2.0,0.0,0.0,0.0,0.0,0.0,0.0,1.0,0.0
JT Thor,CHA,55,4.3,2.5,0.6,0.5,0.2,0.399,0.324,0.512,213,85.0,111.0,36.0,56.0,28.0,14.0,8.0,24.0,10.0,8.0,3.0,26.0,7.0,73.0,27.0,12.0,2.0
Dyson Daniels,NOP,52,4.3,3.6,2.6,0.8,0.2,0.419,0.31,0.503,203,85.0,84.0,26.0,74.0,46.0,33.0,10.0,10.0,3.0,2.0,0.0,35.0,13.0,33.0,12.0,16.0,1.0
Peyton Watson,DEN,17,4.3,2.2,0.6,0.3,0.2,0.483,0.429,0.546,58,28.0,14.0,6.0,30.0,16.0,9.0,4.0,5.0,2.0,0.0,0.0,7.0,4.0,4.0,2.0,3.0,0.0
Gorgui Dieng,SAS,24,4.3,3.9,1.8,0.5,0.1,0.386,0.269,0.488,101,39.0,67.0,18.0,17.0,11.0,1.0,0.0,10.0,7.0,6.0,3.0,24.0,5.0,28.0,9.0,15.0,4.0
Bruno Fernando,HOU,32,4.3,3.9,0.8,0.2,0.4,0.505,0.0,0.555,105,53.0,4.0,0.0,72.0,44.0,25.0,9.0,3.0,0.0,1.0,0.0,0.0,0.0,4.0,0.0,0.0,0.0
Kai Jones,CHA,37,4.2,3.2,0.4,0.2,0.2,0.559,0.222,0.599,118,66.0,18.0,4.0,68.0,53.0,21.0,6.0,6.0,3.0,5.0,0.0,8.0,2.0,8.0,2.0,2.0,0.0
Miles McBride,NYK,49,4.2,0.9,1.3,0.2,0.2,0.361,0.306,0.486,194,70.0,124.0,38.0,35.0,20.0,9.0,3.0,14.0,6.0,12.0,3.0,49.0,14.0,51.0,16.0,24.0,8.0
Max Christie,LAL,26,4.2,2.7,0.7,0.2,0.2,0.411,0.415,0.562,90,37.0,53.0,22.0,17.0,7.0,5.0,3.0,7.0,2.0,8.0,3.0,13.0,9.0,34.0,12.0,6.0,1.0
Furkan Korkmaz,PHI,25,4.2,1.3,0.6,0.4,0.3,0.424,0.353,0.532,85,36.0,34.0,12.0,26.0,16.0,10.0,3.0,8.0,3.0,7.0,2.0,10.0,6.0,11.0,2.0,13.0,4.0
Orlando Robinson,MIA,25,4.2,4.5,1.0,0.2,0.3,0.545,0.0,0.585,77,42.0,5.0,0.0,47.0,32.0,23.0,10.0,2.0,0.0,0.0,0.0,0.0,0.0,5.0,0.0,0.0,0.0
Richaun Holmes,SAC,31,4.2,2.5,0.3,0.1,0.3,0.632,0.714,0.682,87,55.0,7.0,5.0,51.0,35.0,17.0,10.0,12.0,5.0,0.0,0.0,3.0,3.0,4.0,2.0,0.0,0.0
Frank Kaminsky,ATL,20,4.1,2.3,1.5,0.3,0.2,0.509,0.448,0.65,57,29.0,29.0,13.0,15.0,10.0,7.0,4.0,3.0,0.0,3.0,2.0,12.0,6.0,12.0,5.0,5.0,2.0
Raul Neto,CLE,31,4.1,1.3,2.2,0.4,0.2,0.511,0.294,0.623,90,46.0,34.0,10.0,34.0,22.0,10.0,6.0,8.0,7.0,4.0,1.0,11.0,4.0,14.0,6.0,9.0,0.0
Terry Taylor,IND,19,4.0,2.2,0.5,0.1,0.3,0.516,0.25,0.552,64,33.0,16.0,4.0,36.0,23.0,7.0,4.0,4.0,2.0,1.0,0.0,4.0,0.0,10.0,4.0,2.0,0.0
P.J. Tucker,PHI,61,4.0,4.2,0.8,0.1,0.1,0.433,0.392,0.571,203,88.0,125.0,49.0,47.0,23.0,19.0,9.0,8.0,4.0,4.0,3.0,42.0,20.0,81.0,29.0,2.0,0.0
Caleb Houstan,ORL,45,4.0,2.1,0.6,0.2,0.2,0.36,0.333,0.5,172,62.0,126.0,42.0,34.0,16.0,2.0,1.0,1.0,0.0,9.0,3.0,50.0,18.0,54.0,18.0,22.0,6.0
Markieff Morris,BKN,28,4.0,2.0,1.0,0.3,0.0,0.44,0.436,0.592,91,40.0,55.0,24.0,5.0,3.0,5.0,1.0,14.0,8.0,12.0,4.0,27.0,12.0,26.0,10.0,2.0,2.0
David Duke Jr.,BKN,18,3.9,1.2,0.9,0.4,0.5,0.477,0.125,0.501,65,31.0,8.0,1.0,45.0,26.0,7.0,2.0,2.0,0.0,3.0,2.0,3.0,0.0,3.0,0.0,2.0,1.0
Robin Lopez,CLE,23,3.9,1.9,0.7,0.3,0.2,0.656,0.667,0.68,61,40.0,3.0,2.0,23.0,18.0,31.0,16.0,2.0,2.0,2.0,2.0,1.0,1.0,2.0,1.0,0.0,0.0
Theo Pinson,DAL,21,3.8,2.7,2.0,0.3,0.2,0.342,0.346,0.489,76,26.0,52.0,18.0,15.0,6.0,6.0,1.0,2.0,1.0,1.0,0.0,22.0,6.0,19.0,8.0,11.0,4.0
Taj Gibson,WAS,39,3.7,2.3,0.8,0.1,0.2,0.523,0.222,0.577,109,57.0,18.0,4.0,50.0,34.0,16.0,8.0,16.0,9.0,9.0,2.0,7.0,1.0,10.0,3.0,1.0,0.0
Christian Koloko,TOR,43,3.7,3.5,0.7,0.2,0.4,0.492,0.0,0.53,128,63.0,9.0,0.0,95.0,53.0,15.0,5.0,8.0,5.0,1.0,0.0,2.0,0.0,6.0,0.0,1.0,0.0
Juancho Hernangomez,TOR,33,3.7,3.7,0.7,0.2,0.2,0.425,0.258,0.508,113,48.0,66.0,17.0,40.0,29.0,5.0,2.0,0.0,0.0,2.0,0.0,18.0,8.0,35.0,6.0,13.0,3.0
Bryn Forbes,MIN,20,3.6,0.6,0.8,0.2,0.3,0.329,0.275,0.454,73,24.0,40.0,11.0,6.0,3.0,9.0,3.0,6.0,1.0,12.0,6.0,13.0,5.0,22.0,6.0,5.0,0.0
Kessler Edwards,BKN,27,3.6,2.2,0.7,0.3,0.1,0.393,0.321,0.513,89,35.0,53.0,17.0,22.0,15.0,7.0,1.0,2.0,2.0,5.0,0.0,24.0,6.0,24.0,9.0,5.0,2.0
Jake LaRavia,MEM,21,3.6,2.5,0.7,0.4,0.1,0.406,0.348,0.552,64,26.0,46.0,16.0,14.0,7.0,3.0,2.0,1.0,1.0,0.0,0.0,17.0,9.0,18.0,6.0,11.0,1.0
Juan Toscano-Anderson,LAL,41,3.5,2.8,1.5,0.4,0.3,0.463,0.195,0.514,134,62.0,41.0,8.0,66.0,43.0,15.0,6.0,9.0,3.0,3.0,2.0,12.0,3.0,23.0,5.0,6.0,0.0
Wesley Matthews,MIL,46,3.5,2.3,0.7,0.2,0.0,0.347,0.293,0.499,150,52.0,116.0,34.0,21.0,14.0,4.0,1.0,7.0,3.0,2.0,0.0,33.0,11.0,51.0,15.0,32.0,8.0
Frank Ntilikina,DAL,36,3.4,1.6,1.5,0.4,0.2,0.358,0.262,0.454,123,44.0,61.0,16.0,28.0,12.0,8.0,1.0,12.0,5.0,14.0,10.0,28.0,10.0,27.0,5.0,6.0,1.0
Jordan McLaughlin,MIN,39,3.4,1.4,3.1,0.5,0.2,0.394,0.278,0.488,132,52.0,72.0,20.0,32.0,18.0,19.0,10.0,6.0,2.0,3.0,2.0,33.0,8.0,24.0,8.0,15.0,4.0
Ish Smith,DEN,28,3.4,1.6,3.0,1.0,0.2,0.398,0.182,0.41,113,45.0,11.0,2.0,20.0,11.0,9.0,5.0,26.0,8.0,47.0,19.0,3.0,1.0,6.0,1.0,2.0,0.0
Thanasis Antetokounmpo,MIL,15,3.3,2.8,1.0,0.1,0.3,0.442,0.0,0.465,43,19.0,7.0,0.0,28.0,16.0,6.0,3.0,1.0,0.0,1.0,0.0,2.0,0.0,3.0,0.0,2.0,0.0
Kennedy Chandler,MEM,21,3.2,1.5,2.3,0.4,0.4,0.437,0.143,0.454,71,31.0,14.0,2.0,33.0,19.0,14.0,5.0,8.0,4.0,2.0,1.0,5.0,2.0,5.0,0.0,4.0,0.0
Usman Garuba,HOU,58,3.2,4.7,1.0,0.2,0.3,0.47,0.392,0.552,149,70.0,51.0,20.0,79.0,47.0,15.0,3.0,4.0,0.0,0.0,0.0,19.0,8.0,25.0,8.0,7.0,4.0
Davon Reed,DEN,28,2.9,1.9,0.8,0.3,0.2,0.321,0.35,0.452,78,25.0,40.0,14.0,9.0,4.0,8.0,1.0,10.0,1.0,11.0,5.0,14.0,5.0,21.0,7.0,5.0,2.0
Trent Forrest,ATL,17,2.9,2.1,2.2,0.6,0.4,0.429,0.0,0.436,56,24.0,2.0,0.0,20.0,8.0,25.0,12.0,9.0,4.0,0.0,0.0,0.0,0.0,2.0,0.0,0.0,0.0
KZ Okpala,SAC,15,2.6,1.7,0.7,0.1,0.1,0.406,0.333,0.549,32,13.0,18.0,6.0,9.0,6.0,3.0,0.0,1.0,0.0,1.0,1.0,7.0,2.0,8.0,3.0,3.0,1.0
Dalen Terry,CHI,26,2.6,1.2,0.7,0.1,0.3,0.4,0.167,0.472,65,26.0,24.0,4.0,32.0,19.0,4.0,1.0,1.0,0.0,4.0,2.0,5.0,0.0,19.0,4.0,0.0,0.0
Matthew Dellavedova,SAC,20,2.4,0.7,2.1,0.3,0.1,0.362,0.346,0.469,47,17.0,26.0,9.0,7.0,3.0,7.0,2.0,5.0,2.0,2.0,1.0,14.0,5.0,6.0,1.0,6.0,3.0
Garrett Temple,NOP,20,2.4,0.9,0.6,0.1,0.1,0.405,0.44,0.548,42,17.0,25.0,11.0,14.0,6.0,0.0,0.0,2.0,0.0,1.0,0.0,14.0,6.0,6.0,2.0,5.0,3.0
Wendell Moore Jr.,MIN,17,1.7,0.6,0.9,0.2,0.1,0.387,0.077,0.437,31,12.0,13.0,1.0,13.0,9.0,3.0,2.0,1.0,0.0,1.0,0.0,5.0,0.0,7.0,1.0,1.0,0.0
Vit Krejci,ATL,15,1.5,1.5,1.1,0.1,0.2,0.345,0.125,0.379,29,10.0,16.0,2.0,10.0,6.0,1.0,1.0,1.0,0.0,1.0,1.0,5.0,0.0,8.0,2.0,3.0,0.0
